index	max_depth	max_features	min_samples_leaf	min_samples_split	n_estimators
0	5	0.01	1	2	200
1	5	0.01	1	2	400
2	5	0.01	1	2	800
3	5	0.01	1	5	200
4	5	0.01	1	5	400
5	5	0.01	1	5	800
6	5	0.01	1	10	200
7	5	0.01	1	10	400
8	5	0.01	1	10	800
9	5	0.01	1	20	200
10	5	0.01	1	20	400
11	5	0.01	1	20	800
12	5	0.01	1	40	200
13	5	0.01	1	40	400
14	5	0.01	1	40	800
15	5	0.01	1	100	200
16	5	0.01	1	100	400
17	5	0.01	1	100	800
18	5	0.01	10	2	200
19	5	0.01	10	2	400
20	5	0.01	10	2	800
21	5	0.01	10	5	200
22	5	0.01	10	5	400
23	5	0.01	10	5	800
24	5	0.01	10	10	200
25	5	0.01	10	10	400
26	5	0.01	10	10	800
27	5	0.01	10	20	200
28	5	0.01	10	20	400
29	5	0.01	10	20	800
30	5	0.01	10	40	200
31	5	0.01	10	40	400
32	5	0.01	10	40	800
33	5	0.01	10	100	200
34	5	0.01	10	100	400
35	5	0.01	10	100	800
36	5	0.01	20	2	200
37	5	0.01	20	2	400
38	5	0.01	20	2	800
39	5	0.01	20	5	200
40	5	0.01	20	5	400
41	5	0.01	20	5	800
42	5	0.01	20	10	200
43	5	0.01	20	10	400
44	5	0.01	20	10	800
45	5	0.01	20	20	200
46	5	0.01	20	20	400
47	5	0.01	20	20	800
48	5	0.01	20	40	200
49	5	0.01	20	40	400
50	5	0.01	20	40	800
51	5	0.01	20	100	200
52	5	0.01	20	100	400
53	5	0.01	20	100	800
54	5	0.01	40	2	200
55	5	0.01	40	2	400
56	5	0.01	40	2	800
57	5	0.01	40	5	200
58	5	0.01	40	5	400
59	5	0.01	40	5	800
60	5	0.01	40	10	200
61	5	0.01	40	10	400
62	5	0.01	40	10	800
63	5	0.01	40	20	200
64	5	0.01	40	20	400
65	5	0.01	40	20	800
66	5	0.01	40	40	200
67	5	0.01	40	40	400
68	5	0.01	40	40	800
69	5	0.01	40	100	200
70	5	0.01	40	100	400
71	5	0.01	40	100	800
72	5	0.01	100	2	200
73	5	0.01	100	2	400
74	5	0.01	100	2	800
75	5	0.01	100	5	200
76	5	0.01	100	5	400
77	5	0.01	100	5	800
78	5	0.01	100	10	200
79	5	0.01	100	10	400
80	5	0.01	100	10	800
81	5	0.01	100	20	200
82	5	0.01	100	20	400
83	5	0.01	100	20	800
84	5	0.01	100	40	200
85	5	0.01	100	40	400
86	5	0.01	100	40	800
87	5	0.01	100	100	200
88	5	0.01	100	100	400
89	5	0.01	100	100	800
90	5	0.1	1	2	200
91	5	0.1	1	2	400
92	5	0.1	1	2	800
93	5	0.1	1	5	200
94	5	0.1	1	5	400
95	5	0.1	1	5	800
96	5	0.1	1	10	200
97	5	0.1	1	10	400
98	5	0.1	1	10	800
99	5	0.1	1	20	200
100	5	0.1	1	20	400
101	5	0.1	1	20	800
102	5	0.1	1	40	200
103	5	0.1	1	40	400
104	5	0.1	1	40	800
105	5	0.1	1	100	200
106	5	0.1	1	100	400
107	5	0.1	1	100	800
108	5	0.1	10	2	200
109	5	0.1	10	2	400
110	5	0.1	10	2	800
111	5	0.1	10	5	200
112	5	0.1	10	5	400
113	5	0.1	10	5	800
114	5	0.1	10	10	200
115	5	0.1	10	10	400
116	5	0.1	10	10	800
117	5	0.1	10	20	200
118	5	0.1	10	20	400
119	5	0.1	10	20	800
120	5	0.1	10	40	200
121	5	0.1	10	40	400
122	5	0.1	10	40	800
123	5	0.1	10	100	200
124	5	0.1	10	100	400
125	5	0.1	10	100	800
126	5	0.1	20	2	200
127	5	0.1	20	2	400
128	5	0.1	20	2	800
129	5	0.1	20	5	200
130	5	0.1	20	5	400
131	5	0.1	20	5	800
132	5	0.1	20	10	200
133	5	0.1	20	10	400
134	5	0.1	20	10	800
135	5	0.1	20	20	200
136	5	0.1	20	20	400
137	5	0.1	20	20	800
138	5	0.1	20	40	200
139	5	0.1	20	40	400
140	5	0.1	20	40	800
141	5	0.1	20	100	200
142	5	0.1	20	100	400
143	5	0.1	20	100	800
144	5	0.1	40	2	200
145	5	0.1	40	2	400
146	5	0.1	40	2	800
147	5	0.1	40	5	200
148	5	0.1	40	5	400
149	5	0.1	40	5	800
150	5	0.1	40	10	200
151	5	0.1	40	10	400
152	5	0.1	40	10	800
153	5	0.1	40	20	200
154	5	0.1	40	20	400
155	5	0.1	40	20	800
156	5	0.1	40	40	200
157	5	0.1	40	40	400
158	5	0.1	40	40	800
159	5	0.1	40	100	200
160	5	0.1	40	100	400
161	5	0.1	40	100	800
162	5	0.1	100	2	200
163	5	0.1	100	2	400
164	5	0.1	100	2	800
165	5	0.1	100	5	200
166	5	0.1	100	5	400
167	5	0.1	100	5	800
168	5	0.1	100	10	200
169	5	0.1	100	10	400
170	5	0.1	100	10	800
171	5	0.1	100	20	200
172	5	0.1	100	20	400
173	5	0.1	100	20	800
174	5	0.1	100	40	200
175	5	0.1	100	40	400
176	5	0.1	100	40	800
177	5	0.1	100	100	200
178	5	0.1	100	100	400
179	5	0.1	100	100	800
180	5	0.25	1	2	200
181	5	0.25	1	2	400
182	5	0.25	1	2	800
183	5	0.25	1	5	200
184	5	0.25	1	5	400
185	5	0.25	1	5	800
186	5	0.25	1	10	200
187	5	0.25	1	10	400
188	5	0.25	1	10	800
189	5	0.25	1	20	200
190	5	0.25	1	20	400
191	5	0.25	1	20	800
192	5	0.25	1	40	200
193	5	0.25	1	40	400
194	5	0.25	1	40	800
195	5	0.25	1	100	200
196	5	0.25	1	100	400
197	5	0.25	1	100	800
198	5	0.25	10	2	200
199	5	0.25	10	2	400
200	5	0.25	10	2	800
201	5	0.25	10	5	200
202	5	0.25	10	5	400
203	5	0.25	10	5	800
204	5	0.25	10	10	200
205	5	0.25	10	10	400
206	5	0.25	10	10	800
207	5	0.25	10	20	200
208	5	0.25	10	20	400
209	5	0.25	10	20	800
210	5	0.25	10	40	200
211	5	0.25	10	40	400
212	5	0.25	10	40	800
213	5	0.25	10	100	200
214	5	0.25	10	100	400
215	5	0.25	10	100	800
216	5	0.25	20	2	200
217	5	0.25	20	2	400
218	5	0.25	20	2	800
219	5	0.25	20	5	200
220	5	0.25	20	5	400
221	5	0.25	20	5	800
222	5	0.25	20	10	200
223	5	0.25	20	10	400
224	5	0.25	20	10	800
225	5	0.25	20	20	200
226	5	0.25	20	20	400
227	5	0.25	20	20	800
228	5	0.25	20	40	200
229	5	0.25	20	40	400
230	5	0.25	20	40	800
231	5	0.25	20	100	200
232	5	0.25	20	100	400
233	5	0.25	20	100	800
234	5	0.25	40	2	200
235	5	0.25	40	2	400
236	5	0.25	40	2	800
237	5	0.25	40	5	200
238	5	0.25	40	5	400
239	5	0.25	40	5	800
240	5	0.25	40	10	200
241	5	0.25	40	10	400
242	5	0.25	40	10	800
243	5	0.25	40	20	200
244	5	0.25	40	20	400
245	5	0.25	40	20	800
246	5	0.25	40	40	200
247	5	0.25	40	40	400
248	5	0.25	40	40	800
249	5	0.25	40	100	200
250	5	0.25	40	100	400
251	5	0.25	40	100	800
252	5	0.25	100	2	200
253	5	0.25	100	2	400
254	5	0.25	100	2	800
255	5	0.25	100	5	200
256	5	0.25	100	5	400
257	5	0.25	100	5	800
258	5	0.25	100	10	200
259	5	0.25	100	10	400
260	5	0.25	100	10	800
261	5	0.25	100	20	200
262	5	0.25	100	20	400
263	5	0.25	100	20	800
264	5	0.25	100	40	200
265	5	0.25	100	40	400
266	5	0.25	100	40	800
267	5	0.25	100	100	200
268	5	0.25	100	100	400
269	5	0.25	100	100	800
270	5	0.5	1	2	200
271	5	0.5	1	2	400
272	5	0.5	1	2	800
273	5	0.5	1	5	200
274	5	0.5	1	5	400
275	5	0.5	1	5	800
276	5	0.5	1	10	200
277	5	0.5	1	10	400
278	5	0.5	1	10	800
279	5	0.5	1	20	200
280	5	0.5	1	20	400
281	5	0.5	1	20	800
282	5	0.5	1	40	200
283	5	0.5	1	40	400
284	5	0.5	1	40	800
285	5	0.5	1	100	200
286	5	0.5	1	100	400
287	5	0.5	1	100	800
288	5	0.5	10	2	200
289	5	0.5	10	2	400
290	5	0.5	10	2	800
291	5	0.5	10	5	200
292	5	0.5	10	5	400
293	5	0.5	10	5	800
294	5	0.5	10	10	200
295	5	0.5	10	10	400
296	5	0.5	10	10	800
297	5	0.5	10	20	200
298	5	0.5	10	20	400
299	5	0.5	10	20	800
300	5	0.5	10	40	200
301	5	0.5	10	40	400
302	5	0.5	10	40	800
303	5	0.5	10	100	200
304	5	0.5	10	100	400
305	5	0.5	10	100	800
306	5	0.5	20	2	200
307	5	0.5	20	2	400
308	5	0.5	20	2	800
309	5	0.5	20	5	200
310	5	0.5	20	5	400
311	5	0.5	20	5	800
312	5	0.5	20	10	200
313	5	0.5	20	10	400
314	5	0.5	20	10	800
315	5	0.5	20	20	200
316	5	0.5	20	20	400
317	5	0.5	20	20	800
318	5	0.5	20	40	200
319	5	0.5	20	40	400
320	5	0.5	20	40	800
321	5	0.5	20	100	200
322	5	0.5	20	100	400
323	5	0.5	20	100	800
324	5	0.5	40	2	200
325	5	0.5	40	2	400
326	5	0.5	40	2	800
327	5	0.5	40	5	200
328	5	0.5	40	5	400
329	5	0.5	40	5	800
330	5	0.5	40	10	200
331	5	0.5	40	10	400
332	5	0.5	40	10	800
333	5	0.5	40	20	200
334	5	0.5	40	20	400
335	5	0.5	40	20	800
336	5	0.5	40	40	200
337	5	0.5	40	40	400
338	5	0.5	40	40	800
339	5	0.5	40	100	200
340	5	0.5	40	100	400
341	5	0.5	40	100	800
342	5	0.5	100	2	200
343	5	0.5	100	2	400
344	5	0.5	100	2	800
345	5	0.5	100	5	200
346	5	0.5	100	5	400
347	5	0.5	100	5	800
348	5	0.5	100	10	200
349	5	0.5	100	10	400
350	5	0.5	100	10	800
351	5	0.5	100	20	200
352	5	0.5	100	20	400
353	5	0.5	100	20	800
354	5	0.5	100	40	200
355	5	0.5	100	40	400
356	5	0.5	100	40	800
357	5	0.5	100	100	200
358	5	0.5	100	100	400
359	5	0.5	100	100	800
360	5	0.75	1	2	200
361	5	0.75	1	2	400
362	5	0.75	1	2	800
363	5	0.75	1	5	200
364	5	0.75	1	5	400
365	5	0.75	1	5	800
366	5	0.75	1	10	200
367	5	0.75	1	10	400
368	5	0.75	1	10	800
369	5	0.75	1	20	200
370	5	0.75	1	20	400
371	5	0.75	1	20	800
372	5	0.75	1	40	200
373	5	0.75	1	40	400
374	5	0.75	1	40	800
375	5	0.75	1	100	200
376	5	0.75	1	100	400
377	5	0.75	1	100	800
378	5	0.75	10	2	200
379	5	0.75	10	2	400
380	5	0.75	10	2	800
381	5	0.75	10	5	200
382	5	0.75	10	5	400
383	5	0.75	10	5	800
384	5	0.75	10	10	200
385	5	0.75	10	10	400
386	5	0.75	10	10	800
387	5	0.75	10	20	200
388	5	0.75	10	20	400
389	5	0.75	10	20	800
390	5	0.75	10	40	200
391	5	0.75	10	40	400
392	5	0.75	10	40	800
393	5	0.75	10	100	200
394	5	0.75	10	100	400
395	5	0.75	10	100	800
396	5	0.75	20	2	200
397	5	0.75	20	2	400
398	5	0.75	20	2	800
399	5	0.75	20	5	200
400	5	0.75	20	5	400
401	5	0.75	20	5	800
402	5	0.75	20	10	200
403	5	0.75	20	10	400
404	5	0.75	20	10	800
405	5	0.75	20	20	200
406	5	0.75	20	20	400
407	5	0.75	20	20	800
408	5	0.75	20	40	200
409	5	0.75	20	40	400
410	5	0.75	20	40	800
411	5	0.75	20	100	200
412	5	0.75	20	100	400
413	5	0.75	20	100	800
414	5	0.75	40	2	200
415	5	0.75	40	2	400
416	5	0.75	40	2	800
417	5	0.75	40	5	200
418	5	0.75	40	5	400
419	5	0.75	40	5	800
420	5	0.75	40	10	200
421	5	0.75	40	10	400
422	5	0.75	40	10	800
423	5	0.75	40	20	200
424	5	0.75	40	20	400
425	5	0.75	40	20	800
426	5	0.75	40	40	200
427	5	0.75	40	40	400
428	5	0.75	40	40	800
429	5	0.75	40	100	200
430	5	0.75	40	100	400
431	5	0.75	40	100	800
432	5	0.75	100	2	200
433	5	0.75	100	2	400
434	5	0.75	100	2	800
435	5	0.75	100	5	200
436	5	0.75	100	5	400
437	5	0.75	100	5	800
438	5	0.75	100	10	200
439	5	0.75	100	10	400
440	5	0.75	100	10	800
441	5	0.75	100	20	200
442	5	0.75	100	20	400
443	5	0.75	100	20	800
444	5	0.75	100	40	200
445	5	0.75	100	40	400
446	5	0.75	100	40	800
447	5	0.75	100	100	200
448	5	0.75	100	100	400
449	5	0.75	100	100	800
450	5	0.9	1	2	200
451	5	0.9	1	2	400
452	5	0.9	1	2	800
453	5	0.9	1	5	200
454	5	0.9	1	5	400
455	5	0.9	1	5	800
456	5	0.9	1	10	200
457	5	0.9	1	10	400
458	5	0.9	1	10	800
459	5	0.9	1	20	200
460	5	0.9	1	20	400
461	5	0.9	1	20	800
462	5	0.9	1	40	200
463	5	0.9	1	40	400
464	5	0.9	1	40	800
465	5	0.9	1	100	200
466	5	0.9	1	100	400
467	5	0.9	1	100	800
468	5	0.9	10	2	200
469	5	0.9	10	2	400
470	5	0.9	10	2	800
471	5	0.9	10	5	200
472	5	0.9	10	5	400
473	5	0.9	10	5	800
474	5	0.9	10	10	200
475	5	0.9	10	10	400
476	5	0.9	10	10	800
477	5	0.9	10	20	200
478	5	0.9	10	20	400
479	5	0.9	10	20	800
480	5	0.9	10	40	200
481	5	0.9	10	40	400
482	5	0.9	10	40	800
483	5	0.9	10	100	200
484	5	0.9	10	100	400
485	5	0.9	10	100	800
486	5	0.9	20	2	200
487	5	0.9	20	2	400
488	5	0.9	20	2	800
489	5	0.9	20	5	200
490	5	0.9	20	5	400
491	5	0.9	20	5	800
492	5	0.9	20	10	200
493	5	0.9	20	10	400
494	5	0.9	20	10	800
495	5	0.9	20	20	200
496	5	0.9	20	20	400
497	5	0.9	20	20	800
498	5	0.9	20	40	200
499	5	0.9	20	40	400
500	5	0.9	20	40	800
501	5	0.9	20	100	200
502	5	0.9	20	100	400
503	5	0.9	20	100	800
504	5	0.9	40	2	200
505	5	0.9	40	2	400
506	5	0.9	40	2	800
507	5	0.9	40	5	200
508	5	0.9	40	5	400
509	5	0.9	40	5	800
510	5	0.9	40	10	200
511	5	0.9	40	10	400
512	5	0.9	40	10	800
513	5	0.9	40	20	200
514	5	0.9	40	20	400
515	5	0.9	40	20	800
516	5	0.9	40	40	200
517	5	0.9	40	40	400
518	5	0.9	40	40	800
519	5	0.9	40	100	200
520	5	0.9	40	100	400
521	5	0.9	40	100	800
522	5	0.9	100	2	200
523	5	0.9	100	2	400
524	5	0.9	100	2	800
525	5	0.9	100	5	200
526	5	0.9	100	5	400
527	5	0.9	100	5	800
528	5	0.9	100	10	200
529	5	0.9	100	10	400
530	5	0.9	100	10	800
531	5	0.9	100	20	200
532	5	0.9	100	20	400
533	5	0.9	100	20	800
534	5	0.9	100	40	200
535	5	0.9	100	40	400
536	5	0.9	100	40	800
537	5	0.9	100	100	200
538	5	0.9	100	100	400
539	5	0.9	100	100	800
540	15	0.01	1	2	200
541	15	0.01	1	2	400
542	15	0.01	1	2	800
543	15	0.01	1	5	200
544	15	0.01	1	5	400
545	15	0.01	1	5	800
546	15	0.01	1	10	200
547	15	0.01	1	10	400
548	15	0.01	1	10	800
549	15	0.01	1	20	200
550	15	0.01	1	20	400
551	15	0.01	1	20	800
552	15	0.01	1	40	200
553	15	0.01	1	40	400
554	15	0.01	1	40	800
555	15	0.01	1	100	200
556	15	0.01	1	100	400
557	15	0.01	1	100	800
558	15	0.01	10	2	200
559	15	0.01	10	2	400
560	15	0.01	10	2	800
561	15	0.01	10	5	200
562	15	0.01	10	5	400
563	15	0.01	10	5	800
564	15	0.01	10	10	200
565	15	0.01	10	10	400
566	15	0.01	10	10	800
567	15	0.01	10	20	200
568	15	0.01	10	20	400
569	15	0.01	10	20	800
570	15	0.01	10	40	200
571	15	0.01	10	40	400
572	15	0.01	10	40	800
573	15	0.01	10	100	200
574	15	0.01	10	100	400
575	15	0.01	10	100	800
576	15	0.01	20	2	200
577	15	0.01	20	2	400
578	15	0.01	20	2	800
579	15	0.01	20	5	200
580	15	0.01	20	5	400
581	15	0.01	20	5	800
582	15	0.01	20	10	200
583	15	0.01	20	10	400
584	15	0.01	20	10	800
585	15	0.01	20	20	200
586	15	0.01	20	20	400
587	15	0.01	20	20	800
588	15	0.01	20	40	200
589	15	0.01	20	40	400
590	15	0.01	20	40	800
591	15	0.01	20	100	200
592	15	0.01	20	100	400
593	15	0.01	20	100	800
594	15	0.01	40	2	200
595	15	0.01	40	2	400
596	15	0.01	40	2	800
597	15	0.01	40	5	200
598	15	0.01	40	5	400
599	15	0.01	40	5	800
600	15	0.01	40	10	200
601	15	0.01	40	10	400
602	15	0.01	40	10	800
603	15	0.01	40	20	200
604	15	0.01	40	20	400
605	15	0.01	40	20	800
606	15	0.01	40	40	200
607	15	0.01	40	40	400
608	15	0.01	40	40	800
609	15	0.01	40	100	200
610	15	0.01	40	100	400
611	15	0.01	40	100	800
612	15	0.01	100	2	200
613	15	0.01	100	2	400
614	15	0.01	100	2	800
615	15	0.01	100	5	200
616	15	0.01	100	5	400
617	15	0.01	100	5	800
618	15	0.01	100	10	200
619	15	0.01	100	10	400
620	15	0.01	100	10	800
621	15	0.01	100	20	200
622	15	0.01	100	20	400
623	15	0.01	100	20	800
624	15	0.01	100	40	200
625	15	0.01	100	40	400
626	15	0.01	100	40	800
627	15	0.01	100	100	200
628	15	0.01	100	100	400
629	15	0.01	100	100	800
630	15	0.1	1	2	200
631	15	0.1	1	2	400
632	15	0.1	1	2	800
633	15	0.1	1	5	200
634	15	0.1	1	5	400
635	15	0.1	1	5	800
636	15	0.1	1	10	200
637	15	0.1	1	10	400
638	15	0.1	1	10	800
639	15	0.1	1	20	200
640	15	0.1	1	20	400
641	15	0.1	1	20	800
642	15	0.1	1	40	200
643	15	0.1	1	40	400
644	15	0.1	1	40	800
645	15	0.1	1	100	200
646	15	0.1	1	100	400
647	15	0.1	1	100	800
648	15	0.1	10	2	200
649	15	0.1	10	2	400
650	15	0.1	10	2	800
651	15	0.1	10	5	200
652	15	0.1	10	5	400
653	15	0.1	10	5	800
654	15	0.1	10	10	200
655	15	0.1	10	10	400
656	15	0.1	10	10	800
657	15	0.1	10	20	200
658	15	0.1	10	20	400
659	15	0.1	10	20	800
660	15	0.1	10	40	200
661	15	0.1	10	40	400
662	15	0.1	10	40	800
663	15	0.1	10	100	200
664	15	0.1	10	100	400
665	15	0.1	10	100	800
666	15	0.1	20	2	200
667	15	0.1	20	2	400
668	15	0.1	20	2	800
669	15	0.1	20	5	200
670	15	0.1	20	5	400
671	15	0.1	20	5	800
672	15	0.1	20	10	200
673	15	0.1	20	10	400
674	15	0.1	20	10	800
675	15	0.1	20	20	200
676	15	0.1	20	20	400
677	15	0.1	20	20	800
678	15	0.1	20	40	200
679	15	0.1	20	40	400
680	15	0.1	20	40	800
681	15	0.1	20	100	200
682	15	0.1	20	100	400
683	15	0.1	20	100	800
684	15	0.1	40	2	200
685	15	0.1	40	2	400
686	15	0.1	40	2	800
687	15	0.1	40	5	200
688	15	0.1	40	5	400
689	15	0.1	40	5	800
690	15	0.1	40	10	200
691	15	0.1	40	10	400
692	15	0.1	40	10	800
693	15	0.1	40	20	200
694	15	0.1	40	20	400
695	15	0.1	40	20	800
696	15	0.1	40	40	200
697	15	0.1	40	40	400
698	15	0.1	40	40	800
699	15	0.1	40	100	200
700	15	0.1	40	100	400
701	15	0.1	40	100	800
702	15	0.1	100	2	200
703	15	0.1	100	2	400
704	15	0.1	100	2	800
705	15	0.1	100	5	200
706	15	0.1	100	5	400
707	15	0.1	100	5	800
708	15	0.1	100	10	200
709	15	0.1	100	10	400
710	15	0.1	100	10	800
711	15	0.1	100	20	200
712	15	0.1	100	20	400
713	15	0.1	100	20	800
714	15	0.1	100	40	200
715	15	0.1	100	40	400
716	15	0.1	100	40	800
717	15	0.1	100	100	200
718	15	0.1	100	100	400
719	15	0.1	100	100	800
720	15	0.25	1	2	200
721	15	0.25	1	2	400
722	15	0.25	1	2	800
723	15	0.25	1	5	200
724	15	0.25	1	5	400
725	15	0.25	1	5	800
726	15	0.25	1	10	200
727	15	0.25	1	10	400
728	15	0.25	1	10	800
729	15	0.25	1	20	200
730	15	0.25	1	20	400
731	15	0.25	1	20	800
732	15	0.25	1	40	200
733	15	0.25	1	40	400
734	15	0.25	1	40	800
735	15	0.25	1	100	200
736	15	0.25	1	100	400
737	15	0.25	1	100	800
738	15	0.25	10	2	200
739	15	0.25	10	2	400
740	15	0.25	10	2	800
741	15	0.25	10	5	200
742	15	0.25	10	5	400
743	15	0.25	10	5	800
744	15	0.25	10	10	200
745	15	0.25	10	10	400
746	15	0.25	10	10	800
747	15	0.25	10	20	200
748	15	0.25	10	20	400
749	15	0.25	10	20	800
750	15	0.25	10	40	200
751	15	0.25	10	40	400
752	15	0.25	10	40	800
753	15	0.25	10	100	200
754	15	0.25	10	100	400
755	15	0.25	10	100	800
756	15	0.25	20	2	200
757	15	0.25	20	2	400
758	15	0.25	20	2	800
759	15	0.25	20	5	200
760	15	0.25	20	5	400
761	15	0.25	20	5	800
762	15	0.25	20	10	200
763	15	0.25	20	10	400
764	15	0.25	20	10	800
765	15	0.25	20	20	200
766	15	0.25	20	20	400
767	15	0.25	20	20	800
768	15	0.25	20	40	200
769	15	0.25	20	40	400
770	15	0.25	20	40	800
771	15	0.25	20	100	200
772	15	0.25	20	100	400
773	15	0.25	20	100	800
774	15	0.25	40	2	200
775	15	0.25	40	2	400
776	15	0.25	40	2	800
777	15	0.25	40	5	200
778	15	0.25	40	5	400
779	15	0.25	40	5	800
780	15	0.25	40	10	200
781	15	0.25	40	10	400
782	15	0.25	40	10	800
783	15	0.25	40	20	200
784	15	0.25	40	20	400
785	15	0.25	40	20	800
786	15	0.25	40	40	200
787	15	0.25	40	40	400
788	15	0.25	40	40	800
789	15	0.25	40	100	200
790	15	0.25	40	100	400
791	15	0.25	40	100	800
792	15	0.25	100	2	200
793	15	0.25	100	2	400
794	15	0.25	100	2	800
795	15	0.25	100	5	200
796	15	0.25	100	5	400
797	15	0.25	100	5	800
798	15	0.25	100	10	200
799	15	0.25	100	10	400
800	15	0.25	100	10	800
801	15	0.25	100	20	200
802	15	0.25	100	20	400
803	15	0.25	100	20	800
804	15	0.25	100	40	200
805	15	0.25	100	40	400
806	15	0.25	100	40	800
807	15	0.25	100	100	200
808	15	0.25	100	100	400
809	15	0.25	100	100	800
810	15	0.5	1	2	200
811	15	0.5	1	2	400
812	15	0.5	1	2	800
813	15	0.5	1	5	200
814	15	0.5	1	5	400
815	15	0.5	1	5	800
816	15	0.5	1	10	200
817	15	0.5	1	10	400
818	15	0.5	1	10	800
819	15	0.5	1	20	200
820	15	0.5	1	20	400
821	15	0.5	1	20	800
822	15	0.5	1	40	200
823	15	0.5	1	40	400
824	15	0.5	1	40	800
825	15	0.5	1	100	200
826	15	0.5	1	100	400
827	15	0.5	1	100	800
828	15	0.5	10	2	200
829	15	0.5	10	2	400
830	15	0.5	10	2	800
831	15	0.5	10	5	200
832	15	0.5	10	5	400
833	15	0.5	10	5	800
834	15	0.5	10	10	200
835	15	0.5	10	10	400
836	15	0.5	10	10	800
837	15	0.5	10	20	200
838	15	0.5	10	20	400
839	15	0.5	10	20	800
840	15	0.5	10	40	200
841	15	0.5	10	40	400
842	15	0.5	10	40	800
843	15	0.5	10	100	200
844	15	0.5	10	100	400
845	15	0.5	10	100	800
846	15	0.5	20	2	200
847	15	0.5	20	2	400
848	15	0.5	20	2	800
849	15	0.5	20	5	200
850	15	0.5	20	5	400
851	15	0.5	20	5	800
852	15	0.5	20	10	200
853	15	0.5	20	10	400
854	15	0.5	20	10	800
855	15	0.5	20	20	200
856	15	0.5	20	20	400
857	15	0.5	20	20	800
858	15	0.5	20	40	200
859	15	0.5	20	40	400
860	15	0.5	20	40	800
861	15	0.5	20	100	200
862	15	0.5	20	100	400
863	15	0.5	20	100	800
864	15	0.5	40	2	200
865	15	0.5	40	2	400
866	15	0.5	40	2	800
867	15	0.5	40	5	200
868	15	0.5	40	5	400
869	15	0.5	40	5	800
870	15	0.5	40	10	200
871	15	0.5	40	10	400
872	15	0.5	40	10	800
873	15	0.5	40	20	200
874	15	0.5	40	20	400
875	15	0.5	40	20	800
876	15	0.5	40	40	200
877	15	0.5	40	40	400
878	15	0.5	40	40	800
879	15	0.5	40	100	200
880	15	0.5	40	100	400
881	15	0.5	40	100	800
882	15	0.5	100	2	200
883	15	0.5	100	2	400
884	15	0.5	100	2	800
885	15	0.5	100	5	200
886	15	0.5	100	5	400
887	15	0.5	100	5	800
888	15	0.5	100	10	200
889	15	0.5	100	10	400
890	15	0.5	100	10	800
891	15	0.5	100	20	200
892	15	0.5	100	20	400
893	15	0.5	100	20	800
894	15	0.5	100	40	200
895	15	0.5	100	40	400
896	15	0.5	100	40	800
897	15	0.5	100	100	200
898	15	0.5	100	100	400
899	15	0.5	100	100	800
900	15	0.75	1	2	200
901	15	0.75	1	2	400
902	15	0.75	1	2	800
903	15	0.75	1	5	200
904	15	0.75	1	5	400
905	15	0.75	1	5	800
906	15	0.75	1	10	200
907	15	0.75	1	10	400
908	15	0.75	1	10	800
909	15	0.75	1	20	200
910	15	0.75	1	20	400
911	15	0.75	1	20	800
912	15	0.75	1	40	200
913	15	0.75	1	40	400
914	15	0.75	1	40	800
915	15	0.75	1	100	200
916	15	0.75	1	100	400
917	15	0.75	1	100	800
918	15	0.75	10	2	200
919	15	0.75	10	2	400
920	15	0.75	10	2	800
921	15	0.75	10	5	200
922	15	0.75	10	5	400
923	15	0.75	10	5	800
924	15	0.75	10	10	200
925	15	0.75	10	10	400
926	15	0.75	10	10	800
927	15	0.75	10	20	200
928	15	0.75	10	20	400
929	15	0.75	10	20	800
930	15	0.75	10	40	200
931	15	0.75	10	40	400
932	15	0.75	10	40	800
933	15	0.75	10	100	200
934	15	0.75	10	100	400
935	15	0.75	10	100	800
936	15	0.75	20	2	200
937	15	0.75	20	2	400
938	15	0.75	20	2	800
939	15	0.75	20	5	200
940	15	0.75	20	5	400
941	15	0.75	20	5	800
942	15	0.75	20	10	200
943	15	0.75	20	10	400
944	15	0.75	20	10	800
945	15	0.75	20	20	200
946	15	0.75	20	20	400
947	15	0.75	20	20	800
948	15	0.75	20	40	200
949	15	0.75	20	40	400
950	15	0.75	20	40	800
951	15	0.75	20	100	200
952	15	0.75	20	100	400
953	15	0.75	20	100	800
954	15	0.75	40	2	200
955	15	0.75	40	2	400
956	15	0.75	40	2	800
957	15	0.75	40	5	200
958	15	0.75	40	5	400
959	15	0.75	40	5	800
960	15	0.75	40	10	200
961	15	0.75	40	10	400
962	15	0.75	40	10	800
963	15	0.75	40	20	200
964	15	0.75	40	20	400
965	15	0.75	40	20	800
966	15	0.75	40	40	200
967	15	0.75	40	40	400
968	15	0.75	40	40	800
969	15	0.75	40	100	200
970	15	0.75	40	100	400
971	15	0.75	40	100	800
972	15	0.75	100	2	200
973	15	0.75	100	2	400
974	15	0.75	100	2	800
975	15	0.75	100	5	200
976	15	0.75	100	5	400
977	15	0.75	100	5	800
978	15	0.75	100	10	200
979	15	0.75	100	10	400
980	15	0.75	100	10	800
981	15	0.75	100	20	200
982	15	0.75	100	20	400
983	15	0.75	100	20	800
984	15	0.75	100	40	200
985	15	0.75	100	40	400
986	15	0.75	100	40	800
987	15	0.75	100	100	200
988	15	0.75	100	100	400
989	15	0.75	100	100	800
990	15	0.9	1	2	200
991	15	0.9	1	2	400
992	15	0.9	1	2	800
993	15	0.9	1	5	200
994	15	0.9	1	5	400
995	15	0.9	1	5	800
996	15	0.9	1	10	200
997	15	0.9	1	10	400
998	15	0.9	1	10	800
999	15	0.9	1	20	200
1000	15	0.9	1	20	400
1001	15	0.9	1	20	800
1002	15	0.9	1	40	200
1003	15	0.9	1	40	400
1004	15	0.9	1	40	800
1005	15	0.9	1	100	200
1006	15	0.9	1	100	400
1007	15	0.9	1	100	800
1008	15	0.9	10	2	200
1009	15	0.9	10	2	400
1010	15	0.9	10	2	800
1011	15	0.9	10	5	200
1012	15	0.9	10	5	400
1013	15	0.9	10	5	800
1014	15	0.9	10	10	200
1015	15	0.9	10	10	400
1016	15	0.9	10	10	800
1017	15	0.9	10	20	200
1018	15	0.9	10	20	400
1019	15	0.9	10	20	800
1020	15	0.9	10	40	200
1021	15	0.9	10	40	400
1022	15	0.9	10	40	800
1023	15	0.9	10	100	200
1024	15	0.9	10	100	400
1025	15	0.9	10	100	800
1026	15	0.9	20	2	200
1027	15	0.9	20	2	400
1028	15	0.9	20	2	800
1029	15	0.9	20	5	200
1030	15	0.9	20	5	400
1031	15	0.9	20	5	800
1032	15	0.9	20	10	200
1033	15	0.9	20	10	400
1034	15	0.9	20	10	800
1035	15	0.9	20	20	200
1036	15	0.9	20	20	400
1037	15	0.9	20	20	800
1038	15	0.9	20	40	200
1039	15	0.9	20	40	400
1040	15	0.9	20	40	800
1041	15	0.9	20	100	200
1042	15	0.9	20	100	400
1043	15	0.9	20	100	800
1044	15	0.9	40	2	200
1045	15	0.9	40	2	400
1046	15	0.9	40	2	800
1047	15	0.9	40	5	200
1048	15	0.9	40	5	400
1049	15	0.9	40	5	800
1050	15	0.9	40	10	200
1051	15	0.9	40	10	400
1052	15	0.9	40	10	800
1053	15	0.9	40	20	200
1054	15	0.9	40	20	400
1055	15	0.9	40	20	800
1056	15	0.9	40	40	200
1057	15	0.9	40	40	400
1058	15	0.9	40	40	800
1059	15	0.9	40	100	200
1060	15	0.9	40	100	400
1061	15	0.9	40	100	800
1062	15	0.9	100	2	200
1063	15	0.9	100	2	400
1064	15	0.9	100	2	800
1065	15	0.9	100	5	200
1066	15	0.9	100	5	400
1067	15	0.9	100	5	800
1068	15	0.9	100	10	200
1069	15	0.9	100	10	400
1070	15	0.9	100	10	800
1071	15	0.9	100	20	200
1072	15	0.9	100	20	400
1073	15	0.9	100	20	800
1074	15	0.9	100	40	200
1075	15	0.9	100	40	400
1076	15	0.9	100	40	800
1077	15	0.9	100	100	200
1078	15	0.9	100	100	400
1079	15	0.9	100	100	800
1080	30	0.01	1	2	200
1081	30	0.01	1	2	400
1082	30	0.01	1	2	800
1083	30	0.01	1	5	200
1084	30	0.01	1	5	400
1085	30	0.01	1	5	800
1086	30	0.01	1	10	200
1087	30	0.01	1	10	400
1088	30	0.01	1	10	800
1089	30	0.01	1	20	200
1090	30	0.01	1	20	400
1091	30	0.01	1	20	800
1092	30	0.01	1	40	200
1093	30	0.01	1	40	400
1094	30	0.01	1	40	800
1095	30	0.01	1	100	200
1096	30	0.01	1	100	400
1097	30	0.01	1	100	800
1098	30	0.01	10	2	200
1099	30	0.01	10	2	400
1100	30	0.01	10	2	800
1101	30	0.01	10	5	200
1102	30	0.01	10	5	400
1103	30	0.01	10	5	800
1104	30	0.01	10	10	200
1105	30	0.01	10	10	400
1106	30	0.01	10	10	800
1107	30	0.01	10	20	200
1108	30	0.01	10	20	400
1109	30	0.01	10	20	800
1110	30	0.01	10	40	200
1111	30	0.01	10	40	400
1112	30	0.01	10	40	800
1113	30	0.01	10	100	200
1114	30	0.01	10	100	400
1115	30	0.01	10	100	800
1116	30	0.01	20	2	200
1117	30	0.01	20	2	400
1118	30	0.01	20	2	800
1119	30	0.01	20	5	200
1120	30	0.01	20	5	400
1121	30	0.01	20	5	800
1122	30	0.01	20	10	200
1123	30	0.01	20	10	400
1124	30	0.01	20	10	800
1125	30	0.01	20	20	200
1126	30	0.01	20	20	400
1127	30	0.01	20	20	800
1128	30	0.01	20	40	200
1129	30	0.01	20	40	400
1130	30	0.01	20	40	800
1131	30	0.01	20	100	200
1132	30	0.01	20	100	400
1133	30	0.01	20	100	800
1134	30	0.01	40	2	200
1135	30	0.01	40	2	400
1136	30	0.01	40	2	800
1137	30	0.01	40	5	200
1138	30	0.01	40	5	400
1139	30	0.01	40	5	800
1140	30	0.01	40	10	200
1141	30	0.01	40	10	400
1142	30	0.01	40	10	800
1143	30	0.01	40	20	200
1144	30	0.01	40	20	400
1145	30	0.01	40	20	800
1146	30	0.01	40	40	200
1147	30	0.01	40	40	400
1148	30	0.01	40	40	800
1149	30	0.01	40	100	200
1150	30	0.01	40	100	400
1151	30	0.01	40	100	800
1152	30	0.01	100	2	200
1153	30	0.01	100	2	400
1154	30	0.01	100	2	800
1155	30	0.01	100	5	200
1156	30	0.01	100	5	400
1157	30	0.01	100	5	800
1158	30	0.01	100	10	200
1159	30	0.01	100	10	400
1160	30	0.01	100	10	800
1161	30	0.01	100	20	200
1162	30	0.01	100	20	400
1163	30	0.01	100	20	800
1164	30	0.01	100	40	200
1165	30	0.01	100	40	400
1166	30	0.01	100	40	800
1167	30	0.01	100	100	200
1168	30	0.01	100	100	400
1169	30	0.01	100	100	800
1170	30	0.1	1	2	200
1171	30	0.1	1	2	400
1172	30	0.1	1	2	800
1173	30	0.1	1	5	200
1174	30	0.1	1	5	400
1175	30	0.1	1	5	800
1176	30	0.1	1	10	200
1177	30	0.1	1	10	400
1178	30	0.1	1	10	800
1179	30	0.1	1	20	200
1180	30	0.1	1	20	400
1181	30	0.1	1	20	800
1182	30	0.1	1	40	200
1183	30	0.1	1	40	400
1184	30	0.1	1	40	800
1185	30	0.1	1	100	200
1186	30	0.1	1	100	400
1187	30	0.1	1	100	800
1188	30	0.1	10	2	200
1189	30	0.1	10	2	400
1190	30	0.1	10	2	800
1191	30	0.1	10	5	200
1192	30	0.1	10	5	400
1193	30	0.1	10	5	800
1194	30	0.1	10	10	200
1195	30	0.1	10	10	400
1196	30	0.1	10	10	800
1197	30	0.1	10	20	200
1198	30	0.1	10	20	400
1199	30	0.1	10	20	800
1200	30	0.1	10	40	200
1201	30	0.1	10	40	400
1202	30	0.1	10	40	800
1203	30	0.1	10	100	200
1204	30	0.1	10	100	400
1205	30	0.1	10	100	800
1206	30	0.1	20	2	200
1207	30	0.1	20	2	400
1208	30	0.1	20	2	800
1209	30	0.1	20	5	200
1210	30	0.1	20	5	400
1211	30	0.1	20	5	800
1212	30	0.1	20	10	200
1213	30	0.1	20	10	400
1214	30	0.1	20	10	800
1215	30	0.1	20	20	200
1216	30	0.1	20	20	400
1217	30	0.1	20	20	800
1218	30	0.1	20	40	200
1219	30	0.1	20	40	400
1220	30	0.1	20	40	800
1221	30	0.1	20	100	200
1222	30	0.1	20	100	400
1223	30	0.1	20	100	800
1224	30	0.1	40	2	200
1225	30	0.1	40	2	400
1226	30	0.1	40	2	800
1227	30	0.1	40	5	200
1228	30	0.1	40	5	400
1229	30	0.1	40	5	800
1230	30	0.1	40	10	200
1231	30	0.1	40	10	400
1232	30	0.1	40	10	800
1233	30	0.1	40	20	200
1234	30	0.1	40	20	400
1235	30	0.1	40	20	800
1236	30	0.1	40	40	200
1237	30	0.1	40	40	400
1238	30	0.1	40	40	800
1239	30	0.1	40	100	200
1240	30	0.1	40	100	400
1241	30	0.1	40	100	800
1242	30	0.1	100	2	200
1243	30	0.1	100	2	400
1244	30	0.1	100	2	800
1245	30	0.1	100	5	200
1246	30	0.1	100	5	400
1247	30	0.1	100	5	800
1248	30	0.1	100	10	200
1249	30	0.1	100	10	400
1250	30	0.1	100	10	800
1251	30	0.1	100	20	200
1252	30	0.1	100	20	400
1253	30	0.1	100	20	800
1254	30	0.1	100	40	200
1255	30	0.1	100	40	400
1256	30	0.1	100	40	800
1257	30	0.1	100	100	200
1258	30	0.1	100	100	400
1259	30	0.1	100	100	800
1260	30	0.25	1	2	200
1261	30	0.25	1	2	400
1262	30	0.25	1	2	800
1263	30	0.25	1	5	200
1264	30	0.25	1	5	400
1265	30	0.25	1	5	800
1266	30	0.25	1	10	200
1267	30	0.25	1	10	400
1268	30	0.25	1	10	800
1269	30	0.25	1	20	200
1270	30	0.25	1	20	400
1271	30	0.25	1	20	800
1272	30	0.25	1	40	200
1273	30	0.25	1	40	400
1274	30	0.25	1	40	800
1275	30	0.25	1	100	200
1276	30	0.25	1	100	400
1277	30	0.25	1	100	800
1278	30	0.25	10	2	200
1279	30	0.25	10	2	400
1280	30	0.25	10	2	800
1281	30	0.25	10	5	200
1282	30	0.25	10	5	400
1283	30	0.25	10	5	800
1284	30	0.25	10	10	200
1285	30	0.25	10	10	400
1286	30	0.25	10	10	800
1287	30	0.25	10	20	200
1288	30	0.25	10	20	400
1289	30	0.25	10	20	800
1290	30	0.25	10	40	200
1291	30	0.25	10	40	400
1292	30	0.25	10	40	800
1293	30	0.25	10	100	200
1294	30	0.25	10	100	400
1295	30	0.25	10	100	800
1296	30	0.25	20	2	200
1297	30	0.25	20	2	400
1298	30	0.25	20	2	800
1299	30	0.25	20	5	200
1300	30	0.25	20	5	400
1301	30	0.25	20	5	800
1302	30	0.25	20	10	200
1303	30	0.25	20	10	400
1304	30	0.25	20	10	800
1305	30	0.25	20	20	200
1306	30	0.25	20	20	400
1307	30	0.25	20	20	800
1308	30	0.25	20	40	200
1309	30	0.25	20	40	400
1310	30	0.25	20	40	800
1311	30	0.25	20	100	200
1312	30	0.25	20	100	400
1313	30	0.25	20	100	800
1314	30	0.25	40	2	200
1315	30	0.25	40	2	400
1316	30	0.25	40	2	800
1317	30	0.25	40	5	200
1318	30	0.25	40	5	400
1319	30	0.25	40	5	800
1320	30	0.25	40	10	200
1321	30	0.25	40	10	400
1322	30	0.25	40	10	800
1323	30	0.25	40	20	200
1324	30	0.25	40	20	400
1325	30	0.25	40	20	800
1326	30	0.25	40	40	200
1327	30	0.25	40	40	400
1328	30	0.25	40	40	800
1329	30	0.25	40	100	200
1330	30	0.25	40	100	400
1331	30	0.25	40	100	800
1332	30	0.25	100	2	200
1333	30	0.25	100	2	400
1334	30	0.25	100	2	800
1335	30	0.25	100	5	200
1336	30	0.25	100	5	400
1337	30	0.25	100	5	800
1338	30	0.25	100	10	200
1339	30	0.25	100	10	400
1340	30	0.25	100	10	800
1341	30	0.25	100	20	200
1342	30	0.25	100	20	400
1343	30	0.25	100	20	800
1344	30	0.25	100	40	200
1345	30	0.25	100	40	400
1346	30	0.25	100	40	800
1347	30	0.25	100	100	200
1348	30	0.25	100	100	400
1349	30	0.25	100	100	800
1350	30	0.5	1	2	200
1351	30	0.5	1	2	400
1352	30	0.5	1	2	800
1353	30	0.5	1	5	200
1354	30	0.5	1	5	400
1355	30	0.5	1	5	800
1356	30	0.5	1	10	200
1357	30	0.5	1	10	400
1358	30	0.5	1	10	800
1359	30	0.5	1	20	200
1360	30	0.5	1	20	400
1361	30	0.5	1	20	800
1362	30	0.5	1	40	200
1363	30	0.5	1	40	400
1364	30	0.5	1	40	800
1365	30	0.5	1	100	200
1366	30	0.5	1	100	400
1367	30	0.5	1	100	800
1368	30	0.5	10	2	200
1369	30	0.5	10	2	400
1370	30	0.5	10	2	800
1371	30	0.5	10	5	200
1372	30	0.5	10	5	400
1373	30	0.5	10	5	800
1374	30	0.5	10	10	200
1375	30	0.5	10	10	400
1376	30	0.5	10	10	800
1377	30	0.5	10	20	200
1378	30	0.5	10	20	400
1379	30	0.5	10	20	800
1380	30	0.5	10	40	200
1381	30	0.5	10	40	400
1382	30	0.5	10	40	800
1383	30	0.5	10	100	200
1384	30	0.5	10	100	400
1385	30	0.5	10	100	800
1386	30	0.5	20	2	200
1387	30	0.5	20	2	400
1388	30	0.5	20	2	800
1389	30	0.5	20	5	200
1390	30	0.5	20	5	400
1391	30	0.5	20	5	800
1392	30	0.5	20	10	200
1393	30	0.5	20	10	400
1394	30	0.5	20	10	800
1395	30	0.5	20	20	200
1396	30	0.5	20	20	400
1397	30	0.5	20	20	800
1398	30	0.5	20	40	200
1399	30	0.5	20	40	400
1400	30	0.5	20	40	800
1401	30	0.5	20	100	200
1402	30	0.5	20	100	400
1403	30	0.5	20	100	800
1404	30	0.5	40	2	200
1405	30	0.5	40	2	400
1406	30	0.5	40	2	800
1407	30	0.5	40	5	200
1408	30	0.5	40	5	400
1409	30	0.5	40	5	800
1410	30	0.5	40	10	200
1411	30	0.5	40	10	400
1412	30	0.5	40	10	800
1413	30	0.5	40	20	200
1414	30	0.5	40	20	400
1415	30	0.5	40	20	800
1416	30	0.5	40	40	200
1417	30	0.5	40	40	400
1418	30	0.5	40	40	800
1419	30	0.5	40	100	200
1420	30	0.5	40	100	400
1421	30	0.5	40	100	800
1422	30	0.5	100	2	200
1423	30	0.5	100	2	400
1424	30	0.5	100	2	800
1425	30	0.5	100	5	200
1426	30	0.5	100	5	400
1427	30	0.5	100	5	800
1428	30	0.5	100	10	200
1429	30	0.5	100	10	400
1430	30	0.5	100	10	800
1431	30	0.5	100	20	200
1432	30	0.5	100	20	400
1433	30	0.5	100	20	800
1434	30	0.5	100	40	200
1435	30	0.5	100	40	400
1436	30	0.5	100	40	800
1437	30	0.5	100	100	200
1438	30	0.5	100	100	400
1439	30	0.5	100	100	800
1440	30	0.75	1	2	200
1441	30	0.75	1	2	400
1442	30	0.75	1	2	800
1443	30	0.75	1	5	200
1444	30	0.75	1	5	400
1445	30	0.75	1	5	800
1446	30	0.75	1	10	200
1447	30	0.75	1	10	400
1448	30	0.75	1	10	800
1449	30	0.75	1	20	200
1450	30	0.75	1	20	400
1451	30	0.75	1	20	800
1452	30	0.75	1	40	200
1453	30	0.75	1	40	400
1454	30	0.75	1	40	800
1455	30	0.75	1	100	200
1456	30	0.75	1	100	400
1457	30	0.75	1	100	800
1458	30	0.75	10	2	200
1459	30	0.75	10	2	400
1460	30	0.75	10	2	800
1461	30	0.75	10	5	200
1462	30	0.75	10	5	400
1463	30	0.75	10	5	800
1464	30	0.75	10	10	200
1465	30	0.75	10	10	400
1466	30	0.75	10	10	800
1467	30	0.75	10	20	200
1468	30	0.75	10	20	400
1469	30	0.75	10	20	800
1470	30	0.75	10	40	200
1471	30	0.75	10	40	400
1472	30	0.75	10	40	800
1473	30	0.75	10	100	200
1474	30	0.75	10	100	400
1475	30	0.75	10	100	800
1476	30	0.75	20	2	200
1477	30	0.75	20	2	400
1478	30	0.75	20	2	800
1479	30	0.75	20	5	200
1480	30	0.75	20	5	400
1481	30	0.75	20	5	800
1482	30	0.75	20	10	200
1483	30	0.75	20	10	400
1484	30	0.75	20	10	800
1485	30	0.75	20	20	200
1486	30	0.75	20	20	400
1487	30	0.75	20	20	800
1488	30	0.75	20	40	200
1489	30	0.75	20	40	400
1490	30	0.75	20	40	800
1491	30	0.75	20	100	200
1492	30	0.75	20	100	400
1493	30	0.75	20	100	800
1494	30	0.75	40	2	200
1495	30	0.75	40	2	400
1496	30	0.75	40	2	800
1497	30	0.75	40	5	200
1498	30	0.75	40	5	400
1499	30	0.75	40	5	800
1500	30	0.75	40	10	200
1501	30	0.75	40	10	400
1502	30	0.75	40	10	800
1503	30	0.75	40	20	200
1504	30	0.75	40	20	400
1505	30	0.75	40	20	800
1506	30	0.75	40	40	200
1507	30	0.75	40	40	400
1508	30	0.75	40	40	800
1509	30	0.75	40	100	200
1510	30	0.75	40	100	400
1511	30	0.75	40	100	800
1512	30	0.75	100	2	200
1513	30	0.75	100	2	400
1514	30	0.75	100	2	800
1515	30	0.75	100	5	200
1516	30	0.75	100	5	400
1517	30	0.75	100	5	800
1518	30	0.75	100	10	200
1519	30	0.75	100	10	400
1520	30	0.75	100	10	800
1521	30	0.75	100	20	200
1522	30	0.75	100	20	400
1523	30	0.75	100	20	800
1524	30	0.75	100	40	200
1525	30	0.75	100	40	400
1526	30	0.75	100	40	800
1527	30	0.75	100	100	200
1528	30	0.75	100	100	400
1529	30	0.75	100	100	800
1530	30	0.9	1	2	200
1531	30	0.9	1	2	400
1532	30	0.9	1	2	800
1533	30	0.9	1	5	200
1534	30	0.9	1	5	400
1535	30	0.9	1	5	800
1536	30	0.9	1	10	200
1537	30	0.9	1	10	400
1538	30	0.9	1	10	800
1539	30	0.9	1	20	200
1540	30	0.9	1	20	400
1541	30	0.9	1	20	800
1542	30	0.9	1	40	200
1543	30	0.9	1	40	400
1544	30	0.9	1	40	800
1545	30	0.9	1	100	200
1546	30	0.9	1	100	400
1547	30	0.9	1	100	800
1548	30	0.9	10	2	200
1549	30	0.9	10	2	400
1550	30	0.9	10	2	800
1551	30	0.9	10	5	200
1552	30	0.9	10	5	400
1553	30	0.9	10	5	800
1554	30	0.9	10	10	200
1555	30	0.9	10	10	400
1556	30	0.9	10	10	800
1557	30	0.9	10	20	200
1558	30	0.9	10	20	400
1559	30	0.9	10	20	800
1560	30	0.9	10	40	200
1561	30	0.9	10	40	400
1562	30	0.9	10	40	800
1563	30	0.9	10	100	200
1564	30	0.9	10	100	400
1565	30	0.9	10	100	800
1566	30	0.9	20	2	200
1567	30	0.9	20	2	400
1568	30	0.9	20	2	800
1569	30	0.9	20	5	200
1570	30	0.9	20	5	400
1571	30	0.9	20	5	800
1572	30	0.9	20	10	200
1573	30	0.9	20	10	400
1574	30	0.9	20	10	800
1575	30	0.9	20	20	200
1576	30	0.9	20	20	400
1577	30	0.9	20	20	800
1578	30	0.9	20	40	200
1579	30	0.9	20	40	400
1580	30	0.9	20	40	800
1581	30	0.9	20	100	200
1582	30	0.9	20	100	400
1583	30	0.9	20	100	800
1584	30	0.9	40	2	200
1585	30	0.9	40	2	400
1586	30	0.9	40	2	800
1587	30	0.9	40	5	200
1588	30	0.9	40	5	400
1589	30	0.9	40	5	800
1590	30	0.9	40	10	200
1591	30	0.9	40	10	400
1592	30	0.9	40	10	800
1593	30	0.9	40	20	200
1594	30	0.9	40	20	400
1595	30	0.9	40	20	800
1596	30	0.9	40	40	200
1597	30	0.9	40	40	400
1598	30	0.9	40	40	800
1599	30	0.9	40	100	200
1600	30	0.9	40	100	400
1601	30	0.9	40	100	800
1602	30	0.9	100	2	200
1603	30	0.9	100	2	400
1604	30	0.9	100	2	800
1605	30	0.9	100	5	200
1606	30	0.9	100	5	400
1607	30	0.9	100	5	800
1608	30	0.9	100	10	200
1609	30	0.9	100	10	400
1610	30	0.9	100	10	800
1611	30	0.9	100	20	200
1612	30	0.9	100	20	400
1613	30	0.9	100	20	800
1614	30	0.9	100	40	200
1615	30	0.9	100	40	400
1616	30	0.9	100	40	800
1617	30	0.9	100	100	200
1618	30	0.9	100	100	400
1619	30	0.9	100	100	800
1620	50	0.01	1	2	200
1621	50	0.01	1	2	400
1622	50	0.01	1	2	800
1623	50	0.01	1	5	200
1624	50	0.01	1	5	400
1625	50	0.01	1	5	800
1626	50	0.01	1	10	200
1627	50	0.01	1	10	400
1628	50	0.01	1	10	800
1629	50	0.01	1	20	200
1630	50	0.01	1	20	400
1631	50	0.01	1	20	800
1632	50	0.01	1	40	200
1633	50	0.01	1	40	400
1634	50	0.01	1	40	800
1635	50	0.01	1	100	200
1636	50	0.01	1	100	400
1637	50	0.01	1	100	800
1638	50	0.01	10	2	200
1639	50	0.01	10	2	400
1640	50	0.01	10	2	800
1641	50	0.01	10	5	200
1642	50	0.01	10	5	400
1643	50	0.01	10	5	800
1644	50	0.01	10	10	200
1645	50	0.01	10	10	400
1646	50	0.01	10	10	800
1647	50	0.01	10	20	200
1648	50	0.01	10	20	400
1649	50	0.01	10	20	800
1650	50	0.01	10	40	200
1651	50	0.01	10	40	400
1652	50	0.01	10	40	800
1653	50	0.01	10	100	200
1654	50	0.01	10	100	400
1655	50	0.01	10	100	800
1656	50	0.01	20	2	200
1657	50	0.01	20	2	400
1658	50	0.01	20	2	800
1659	50	0.01	20	5	200
1660	50	0.01	20	5	400
1661	50	0.01	20	5	800
1662	50	0.01	20	10	200
1663	50	0.01	20	10	400
1664	50	0.01	20	10	800
1665	50	0.01	20	20	200
1666	50	0.01	20	20	400
1667	50	0.01	20	20	800
1668	50	0.01	20	40	200
1669	50	0.01	20	40	400
1670	50	0.01	20	40	800
1671	50	0.01	20	100	200
1672	50	0.01	20	100	400
1673	50	0.01	20	100	800
1674	50	0.01	40	2	200
1675	50	0.01	40	2	400
1676	50	0.01	40	2	800
1677	50	0.01	40	5	200
1678	50	0.01	40	5	400
1679	50	0.01	40	5	800
1680	50	0.01	40	10	200
1681	50	0.01	40	10	400
1682	50	0.01	40	10	800
1683	50	0.01	40	20	200
1684	50	0.01	40	20	400
1685	50	0.01	40	20	800
1686	50	0.01	40	40	200
1687	50	0.01	40	40	400
1688	50	0.01	40	40	800
1689	50	0.01	40	100	200
1690	50	0.01	40	100	400
1691	50	0.01	40	100	800
1692	50	0.01	100	2	200
1693	50	0.01	100	2	400
1694	50	0.01	100	2	800
1695	50	0.01	100	5	200
1696	50	0.01	100	5	400
1697	50	0.01	100	5	800
1698	50	0.01	100	10	200
1699	50	0.01	100	10	400
1700	50	0.01	100	10	800
1701	50	0.01	100	20	200
1702	50	0.01	100	20	400
1703	50	0.01	100	20	800
1704	50	0.01	100	40	200
1705	50	0.01	100	40	400
1706	50	0.01	100	40	800
1707	50	0.01	100	100	200
1708	50	0.01	100	100	400
1709	50	0.01	100	100	800
1710	50	0.1	1	2	200
1711	50	0.1	1	2	400
1712	50	0.1	1	2	800
1713	50	0.1	1	5	200
1714	50	0.1	1	5	400
1715	50	0.1	1	5	800
1716	50	0.1	1	10	200
1717	50	0.1	1	10	400
1718	50	0.1	1	10	800
1719	50	0.1	1	20	200
1720	50	0.1	1	20	400
1721	50	0.1	1	20	800
1722	50	0.1	1	40	200
1723	50	0.1	1	40	400
1724	50	0.1	1	40	800
1725	50	0.1	1	100	200
1726	50	0.1	1	100	400
1727	50	0.1	1	100	800
1728	50	0.1	10	2	200
1729	50	0.1	10	2	400
1730	50	0.1	10	2	800
1731	50	0.1	10	5	200
1732	50	0.1	10	5	400
1733	50	0.1	10	5	800
1734	50	0.1	10	10	200
1735	50	0.1	10	10	400
1736	50	0.1	10	10	800
1737	50	0.1	10	20	200
1738	50	0.1	10	20	400
1739	50	0.1	10	20	800
1740	50	0.1	10	40	200
1741	50	0.1	10	40	400
1742	50	0.1	10	40	800
1743	50	0.1	10	100	200
1744	50	0.1	10	100	400
1745	50	0.1	10	100	800
1746	50	0.1	20	2	200
1747	50	0.1	20	2	400
1748	50	0.1	20	2	800
1749	50	0.1	20	5	200
1750	50	0.1	20	5	400
1751	50	0.1	20	5	800
1752	50	0.1	20	10	200
1753	50	0.1	20	10	400
1754	50	0.1	20	10	800
1755	50	0.1	20	20	200
1756	50	0.1	20	20	400
1757	50	0.1	20	20	800
1758	50	0.1	20	40	200
1759	50	0.1	20	40	400
1760	50	0.1	20	40	800
1761	50	0.1	20	100	200
1762	50	0.1	20	100	400
1763	50	0.1	20	100	800
1764	50	0.1	40	2	200
1765	50	0.1	40	2	400
1766	50	0.1	40	2	800
1767	50	0.1	40	5	200
1768	50	0.1	40	5	400
1769	50	0.1	40	5	800
1770	50	0.1	40	10	200
1771	50	0.1	40	10	400
1772	50	0.1	40	10	800
1773	50	0.1	40	20	200
1774	50	0.1	40	20	400
1775	50	0.1	40	20	800
1776	50	0.1	40	40	200
1777	50	0.1	40	40	400
1778	50	0.1	40	40	800
1779	50	0.1	40	100	200
1780	50	0.1	40	100	400
1781	50	0.1	40	100	800
1782	50	0.1	100	2	200
1783	50	0.1	100	2	400
1784	50	0.1	100	2	800
1785	50	0.1	100	5	200
1786	50	0.1	100	5	400
1787	50	0.1	100	5	800
1788	50	0.1	100	10	200
1789	50	0.1	100	10	400
1790	50	0.1	100	10	800
1791	50	0.1	100	20	200
1792	50	0.1	100	20	400
1793	50	0.1	100	20	800
1794	50	0.1	100	40	200
1795	50	0.1	100	40	400
1796	50	0.1	100	40	800
1797	50	0.1	100	100	200
1798	50	0.1	100	100	400
1799	50	0.1	100	100	800
1800	50	0.25	1	2	200
1801	50	0.25	1	2	400
1802	50	0.25	1	2	800
1803	50	0.25	1	5	200
1804	50	0.25	1	5	400
1805	50	0.25	1	5	800
1806	50	0.25	1	10	200
1807	50	0.25	1	10	400
1808	50	0.25	1	10	800
1809	50	0.25	1	20	200
1810	50	0.25	1	20	400
1811	50	0.25	1	20	800
1812	50	0.25	1	40	200
1813	50	0.25	1	40	400
1814	50	0.25	1	40	800
1815	50	0.25	1	100	200
1816	50	0.25	1	100	400
1817	50	0.25	1	100	800
1818	50	0.25	10	2	200
1819	50	0.25	10	2	400
1820	50	0.25	10	2	800
1821	50	0.25	10	5	200
1822	50	0.25	10	5	400
1823	50	0.25	10	5	800
1824	50	0.25	10	10	200
1825	50	0.25	10	10	400
1826	50	0.25	10	10	800
1827	50	0.25	10	20	200
1828	50	0.25	10	20	400
1829	50	0.25	10	20	800
1830	50	0.25	10	40	200
1831	50	0.25	10	40	400
1832	50	0.25	10	40	800
1833	50	0.25	10	100	200
1834	50	0.25	10	100	400
1835	50	0.25	10	100	800
1836	50	0.25	20	2	200
1837	50	0.25	20	2	400
1838	50	0.25	20	2	800
1839	50	0.25	20	5	200
1840	50	0.25	20	5	400
1841	50	0.25	20	5	800
1842	50	0.25	20	10	200
1843	50	0.25	20	10	400
1844	50	0.25	20	10	800
1845	50	0.25	20	20	200
1846	50	0.25	20	20	400
1847	50	0.25	20	20	800
1848	50	0.25	20	40	200
1849	50	0.25	20	40	400
1850	50	0.25	20	40	800
1851	50	0.25	20	100	200
1852	50	0.25	20	100	400
1853	50	0.25	20	100	800
1854	50	0.25	40	2	200
1855	50	0.25	40	2	400
1856	50	0.25	40	2	800
1857	50	0.25	40	5	200
1858	50	0.25	40	5	400
1859	50	0.25	40	5	800
1860	50	0.25	40	10	200
1861	50	0.25	40	10	400
1862	50	0.25	40	10	800
1863	50	0.25	40	20	200
1864	50	0.25	40	20	400
1865	50	0.25	40	20	800
1866	50	0.25	40	40	200
1867	50	0.25	40	40	400
1868	50	0.25	40	40	800
1869	50	0.25	40	100	200
1870	50	0.25	40	100	400
1871	50	0.25	40	100	800
1872	50	0.25	100	2	200
1873	50	0.25	100	2	400
1874	50	0.25	100	2	800
1875	50	0.25	100	5	200
1876	50	0.25	100	5	400
1877	50	0.25	100	5	800
1878	50	0.25	100	10	200
1879	50	0.25	100	10	400
1880	50	0.25	100	10	800
1881	50	0.25	100	20	200
1882	50	0.25	100	20	400
1883	50	0.25	100	20	800
1884	50	0.25	100	40	200
1885	50	0.25	100	40	400
1886	50	0.25	100	40	800
1887	50	0.25	100	100	200
1888	50	0.25	100	100	400
1889	50	0.25	100	100	800
1890	50	0.5	1	2	200
1891	50	0.5	1	2	400
1892	50	0.5	1	2	800
1893	50	0.5	1	5	200
1894	50	0.5	1	5	400
1895	50	0.5	1	5	800
1896	50	0.5	1	10	200
1897	50	0.5	1	10	400
1898	50	0.5	1	10	800
1899	50	0.5	1	20	200
1900	50	0.5	1	20	400
1901	50	0.5	1	20	800
1902	50	0.5	1	40	200
1903	50	0.5	1	40	400
1904	50	0.5	1	40	800
1905	50	0.5	1	100	200
1906	50	0.5	1	100	400
1907	50	0.5	1	100	800
1908	50	0.5	10	2	200
1909	50	0.5	10	2	400
1910	50	0.5	10	2	800
1911	50	0.5	10	5	200
1912	50	0.5	10	5	400
1913	50	0.5	10	5	800
1914	50	0.5	10	10	200
1915	50	0.5	10	10	400
1916	50	0.5	10	10	800
1917	50	0.5	10	20	200
1918	50	0.5	10	20	400
1919	50	0.5	10	20	800
1920	50	0.5	10	40	200
1921	50	0.5	10	40	400
1922	50	0.5	10	40	800
1923	50	0.5	10	100	200
1924	50	0.5	10	100	400
1925	50	0.5	10	100	800
1926	50	0.5	20	2	200
1927	50	0.5	20	2	400
1928	50	0.5	20	2	800
1929	50	0.5	20	5	200
1930	50	0.5	20	5	400
1931	50	0.5	20	5	800
1932	50	0.5	20	10	200
1933	50	0.5	20	10	400
1934	50	0.5	20	10	800
1935	50	0.5	20	20	200
1936	50	0.5	20	20	400
1937	50	0.5	20	20	800
1938	50	0.5	20	40	200
1939	50	0.5	20	40	400
1940	50	0.5	20	40	800
1941	50	0.5	20	100	200
1942	50	0.5	20	100	400
1943	50	0.5	20	100	800
1944	50	0.5	40	2	200
1945	50	0.5	40	2	400
1946	50	0.5	40	2	800
1947	50	0.5	40	5	200
1948	50	0.5	40	5	400
1949	50	0.5	40	5	800
1950	50	0.5	40	10	200
1951	50	0.5	40	10	400
1952	50	0.5	40	10	800
1953	50	0.5	40	20	200
1954	50	0.5	40	20	400
1955	50	0.5	40	20	800
1956	50	0.5	40	40	200
1957	50	0.5	40	40	400
1958	50	0.5	40	40	800
1959	50	0.5	40	100	200
1960	50	0.5	40	100	400
1961	50	0.5	40	100	800
1962	50	0.5	100	2	200
1963	50	0.5	100	2	400
1964	50	0.5	100	2	800
1965	50	0.5	100	5	200
1966	50	0.5	100	5	400
1967	50	0.5	100	5	800
1968	50	0.5	100	10	200
1969	50	0.5	100	10	400
1970	50	0.5	100	10	800
1971	50	0.5	100	20	200
1972	50	0.5	100	20	400
1973	50	0.5	100	20	800
1974	50	0.5	100	40	200
1975	50	0.5	100	40	400
1976	50	0.5	100	40	800
1977	50	0.5	100	100	200
1978	50	0.5	100	100	400
1979	50	0.5	100	100	800
1980	50	0.75	1	2	200
1981	50	0.75	1	2	400
1982	50	0.75	1	2	800
1983	50	0.75	1	5	200
1984	50	0.75	1	5	400
1985	50	0.75	1	5	800
1986	50	0.75	1	10	200
1987	50	0.75	1	10	400
1988	50	0.75	1	10	800
1989	50	0.75	1	20	200
1990	50	0.75	1	20	400
1991	50	0.75	1	20	800
1992	50	0.75	1	40	200
1993	50	0.75	1	40	400
1994	50	0.75	1	40	800
1995	50	0.75	1	100	200
1996	50	0.75	1	100	400
1997	50	0.75	1	100	800
1998	50	0.75	10	2	200
1999	50	0.75	10	2	400
2000	50	0.75	10	2	800
2001	50	0.75	10	5	200
2002	50	0.75	10	5	400
2003	50	0.75	10	5	800
2004	50	0.75	10	10	200
2005	50	0.75	10	10	400
2006	50	0.75	10	10	800
2007	50	0.75	10	20	200
2008	50	0.75	10	20	400
2009	50	0.75	10	20	800
2010	50	0.75	10	40	200
2011	50	0.75	10	40	400
2012	50	0.75	10	40	800
2013	50	0.75	10	100	200
2014	50	0.75	10	100	400
2015	50	0.75	10	100	800
2016	50	0.75	20	2	200
2017	50	0.75	20	2	400
2018	50	0.75	20	2	800
2019	50	0.75	20	5	200
2020	50	0.75	20	5	400
2021	50	0.75	20	5	800
2022	50	0.75	20	10	200
2023	50	0.75	20	10	400
2024	50	0.75	20	10	800
2025	50	0.75	20	20	200
2026	50	0.75	20	20	400
2027	50	0.75	20	20	800
2028	50	0.75	20	40	200
2029	50	0.75	20	40	400
2030	50	0.75	20	40	800
2031	50	0.75	20	100	200
2032	50	0.75	20	100	400
2033	50	0.75	20	100	800
2034	50	0.75	40	2	200
2035	50	0.75	40	2	400
2036	50	0.75	40	2	800
2037	50	0.75	40	5	200
2038	50	0.75	40	5	400
2039	50	0.75	40	5	800
2040	50	0.75	40	10	200
2041	50	0.75	40	10	400
2042	50	0.75	40	10	800
2043	50	0.75	40	20	200
2044	50	0.75	40	20	400
2045	50	0.75	40	20	800
2046	50	0.75	40	40	200
2047	50	0.75	40	40	400
2048	50	0.75	40	40	800
2049	50	0.75	40	100	200
2050	50	0.75	40	100	400
2051	50	0.75	40	100	800
2052	50	0.75	100	2	200
2053	50	0.75	100	2	400
2054	50	0.75	100	2	800
2055	50	0.75	100	5	200
2056	50	0.75	100	5	400
2057	50	0.75	100	5	800
2058	50	0.75	100	10	200
2059	50	0.75	100	10	400
2060	50	0.75	100	10	800
2061	50	0.75	100	20	200
2062	50	0.75	100	20	400
2063	50	0.75	100	20	800
2064	50	0.75	100	40	200
2065	50	0.75	100	40	400
2066	50	0.75	100	40	800
2067	50	0.75	100	100	200
2068	50	0.75	100	100	400
2069	50	0.75	100	100	800
2070	50	0.9	1	2	200
2071	50	0.9	1	2	400
2072	50	0.9	1	2	800
2073	50	0.9	1	5	200
2074	50	0.9	1	5	400
2075	50	0.9	1	5	800
2076	50	0.9	1	10	200
2077	50	0.9	1	10	400
2078	50	0.9	1	10	800
2079	50	0.9	1	20	200
2080	50	0.9	1	20	400
2081	50	0.9	1	20	800
2082	50	0.9	1	40	200
2083	50	0.9	1	40	400
2084	50	0.9	1	40	800
2085	50	0.9	1	100	200
2086	50	0.9	1	100	400
2087	50	0.9	1	100	800
2088	50	0.9	10	2	200
2089	50	0.9	10	2	400
2090	50	0.9	10	2	800
2091	50	0.9	10	5	200
2092	50	0.9	10	5	400
2093	50	0.9	10	5	800
2094	50	0.9	10	10	200
2095	50	0.9	10	10	400
2096	50	0.9	10	10	800
2097	50	0.9	10	20	200
2098	50	0.9	10	20	400
2099	50	0.9	10	20	800
2100	50	0.9	10	40	200
2101	50	0.9	10	40	400
2102	50	0.9	10	40	800
2103	50	0.9	10	100	200
2104	50	0.9	10	100	400
2105	50	0.9	10	100	800
2106	50	0.9	20	2	200
2107	50	0.9	20	2	400
2108	50	0.9	20	2	800
2109	50	0.9	20	5	200
2110	50	0.9	20	5	400
2111	50	0.9	20	5	800
2112	50	0.9	20	10	200
2113	50	0.9	20	10	400
2114	50	0.9	20	10	800
2115	50	0.9	20	20	200
2116	50	0.9	20	20	400
2117	50	0.9	20	20	800
2118	50	0.9	20	40	200
2119	50	0.9	20	40	400
2120	50	0.9	20	40	800
2121	50	0.9	20	100	200
2122	50	0.9	20	100	400
2123	50	0.9	20	100	800
2124	50	0.9	40	2	200
2125	50	0.9	40	2	400
2126	50	0.9	40	2	800
2127	50	0.9	40	5	200
2128	50	0.9	40	5	400
2129	50	0.9	40	5	800
2130	50	0.9	40	10	200
2131	50	0.9	40	10	400
2132	50	0.9	40	10	800
2133	50	0.9	40	20	200
2134	50	0.9	40	20	400
2135	50	0.9	40	20	800
2136	50	0.9	40	40	200
2137	50	0.9	40	40	400
2138	50	0.9	40	40	800
2139	50	0.9	40	100	200
2140	50	0.9	40	100	400
2141	50	0.9	40	100	800
2142	50	0.9	100	2	200
2143	50	0.9	100	2	400
2144	50	0.9	100	2	800
2145	50	0.9	100	5	200
2146	50	0.9	100	5	400
2147	50	0.9	100	5	800
2148	50	0.9	100	10	200
2149	50	0.9	100	10	400
2150	50	0.9	100	10	800
2151	50	0.9	100	20	200
2152	50	0.9	100	20	400
2153	50	0.9	100	20	800
2154	50	0.9	100	40	200
2155	50	0.9	100	40	400
2156	50	0.9	100	40	800
2157	50	0.9	100	100	200
2158	50	0.9	100	100	400
2159	50	0.9	100	100	800
2160	100	0.01	1	2	200
2161	100	0.01	1	2	400
2162	100	0.01	1	2	800
2163	100	0.01	1	5	200
2164	100	0.01	1	5	400
2165	100	0.01	1	5	800
2166	100	0.01	1	10	200
2167	100	0.01	1	10	400
2168	100	0.01	1	10	800
2169	100	0.01	1	20	200
2170	100	0.01	1	20	400
2171	100	0.01	1	20	800
2172	100	0.01	1	40	200
2173	100	0.01	1	40	400
2174	100	0.01	1	40	800
2175	100	0.01	1	100	200
2176	100	0.01	1	100	400
2177	100	0.01	1	100	800
2178	100	0.01	10	2	200
2179	100	0.01	10	2	400
2180	100	0.01	10	2	800
2181	100	0.01	10	5	200
2182	100	0.01	10	5	400
2183	100	0.01	10	5	800
2184	100	0.01	10	10	200
2185	100	0.01	10	10	400
2186	100	0.01	10	10	800
2187	100	0.01	10	20	200
2188	100	0.01	10	20	400
2189	100	0.01	10	20	800
2190	100	0.01	10	40	200
2191	100	0.01	10	40	400
2192	100	0.01	10	40	800
2193	100	0.01	10	100	200
2194	100	0.01	10	100	400
2195	100	0.01	10	100	800
2196	100	0.01	20	2	200
2197	100	0.01	20	2	400
2198	100	0.01	20	2	800
2199	100	0.01	20	5	200
2200	100	0.01	20	5	400
2201	100	0.01	20	5	800
2202	100	0.01	20	10	200
2203	100	0.01	20	10	400
2204	100	0.01	20	10	800
2205	100	0.01	20	20	200
2206	100	0.01	20	20	400
2207	100	0.01	20	20	800
2208	100	0.01	20	40	200
2209	100	0.01	20	40	400
2210	100	0.01	20	40	800
2211	100	0.01	20	100	200
2212	100	0.01	20	100	400
2213	100	0.01	20	100	800
2214	100	0.01	40	2	200
2215	100	0.01	40	2	400
2216	100	0.01	40	2	800
2217	100	0.01	40	5	200
2218	100	0.01	40	5	400
2219	100	0.01	40	5	800
2220	100	0.01	40	10	200
2221	100	0.01	40	10	400
2222	100	0.01	40	10	800
2223	100	0.01	40	20	200
2224	100	0.01	40	20	400
2225	100	0.01	40	20	800
2226	100	0.01	40	40	200
2227	100	0.01	40	40	400
2228	100	0.01	40	40	800
2229	100	0.01	40	100	200
2230	100	0.01	40	100	400
2231	100	0.01	40	100	800
2232	100	0.01	100	2	200
2233	100	0.01	100	2	400
2234	100	0.01	100	2	800
2235	100	0.01	100	5	200
2236	100	0.01	100	5	400
2237	100	0.01	100	5	800
2238	100	0.01	100	10	200
2239	100	0.01	100	10	400
2240	100	0.01	100	10	800
2241	100	0.01	100	20	200
2242	100	0.01	100	20	400
2243	100	0.01	100	20	800
2244	100	0.01	100	40	200
2245	100	0.01	100	40	400
2246	100	0.01	100	40	800
2247	100	0.01	100	100	200
2248	100	0.01	100	100	400
2249	100	0.01	100	100	800
2250	100	0.1	1	2	200
2251	100	0.1	1	2	400
2252	100	0.1	1	2	800
2253	100	0.1	1	5	200
2254	100	0.1	1	5	400
2255	100	0.1	1	5	800
2256	100	0.1	1	10	200
2257	100	0.1	1	10	400
2258	100	0.1	1	10	800
2259	100	0.1	1	20	200
2260	100	0.1	1	20	400
2261	100	0.1	1	20	800
2262	100	0.1	1	40	200
2263	100	0.1	1	40	400
2264	100	0.1	1	40	800
2265	100	0.1	1	100	200
2266	100	0.1	1	100	400
2267	100	0.1	1	100	800
2268	100	0.1	10	2	200
2269	100	0.1	10	2	400
2270	100	0.1	10	2	800
2271	100	0.1	10	5	200
2272	100	0.1	10	5	400
2273	100	0.1	10	5	800
2274	100	0.1	10	10	200
2275	100	0.1	10	10	400
2276	100	0.1	10	10	800
2277	100	0.1	10	20	200
2278	100	0.1	10	20	400
2279	100	0.1	10	20	800
2280	100	0.1	10	40	200
2281	100	0.1	10	40	400
2282	100	0.1	10	40	800
2283	100	0.1	10	100	200
2284	100	0.1	10	100	400
2285	100	0.1	10	100	800
2286	100	0.1	20	2	200
2287	100	0.1	20	2	400
2288	100	0.1	20	2	800
2289	100	0.1	20	5	200
2290	100	0.1	20	5	400
2291	100	0.1	20	5	800
2292	100	0.1	20	10	200
2293	100	0.1	20	10	400
2294	100	0.1	20	10	800
2295	100	0.1	20	20	200
2296	100	0.1	20	20	400
2297	100	0.1	20	20	800
2298	100	0.1	20	40	200
2299	100	0.1	20	40	400
2300	100	0.1	20	40	800
2301	100	0.1	20	100	200
2302	100	0.1	20	100	400
2303	100	0.1	20	100	800
2304	100	0.1	40	2	200
2305	100	0.1	40	2	400
2306	100	0.1	40	2	800
2307	100	0.1	40	5	200
2308	100	0.1	40	5	400
2309	100	0.1	40	5	800
2310	100	0.1	40	10	200
2311	100	0.1	40	10	400
2312	100	0.1	40	10	800
2313	100	0.1	40	20	200
2314	100	0.1	40	20	400
2315	100	0.1	40	20	800
2316	100	0.1	40	40	200
2317	100	0.1	40	40	400
2318	100	0.1	40	40	800
2319	100	0.1	40	100	200
2320	100	0.1	40	100	400
2321	100	0.1	40	100	800
2322	100	0.1	100	2	200
2323	100	0.1	100	2	400
2324	100	0.1	100	2	800
2325	100	0.1	100	5	200
2326	100	0.1	100	5	400
2327	100	0.1	100	5	800
2328	100	0.1	100	10	200
2329	100	0.1	100	10	400
2330	100	0.1	100	10	800
2331	100	0.1	100	20	200
2332	100	0.1	100	20	400
2333	100	0.1	100	20	800
2334	100	0.1	100	40	200
2335	100	0.1	100	40	400
2336	100	0.1	100	40	800
2337	100	0.1	100	100	200
2338	100	0.1	100	100	400
2339	100	0.1	100	100	800
2340	100	0.25	1	2	200
2341	100	0.25	1	2	400
2342	100	0.25	1	2	800
2343	100	0.25	1	5	200
2344	100	0.25	1	5	400
2345	100	0.25	1	5	800
2346	100	0.25	1	10	200
2347	100	0.25	1	10	400
2348	100	0.25	1	10	800
2349	100	0.25	1	20	200
2350	100	0.25	1	20	400
2351	100	0.25	1	20	800
2352	100	0.25	1	40	200
2353	100	0.25	1	40	400
2354	100	0.25	1	40	800
2355	100	0.25	1	100	200
2356	100	0.25	1	100	400
2357	100	0.25	1	100	800
2358	100	0.25	10	2	200
2359	100	0.25	10	2	400
2360	100	0.25	10	2	800
2361	100	0.25	10	5	200
2362	100	0.25	10	5	400
2363	100	0.25	10	5	800
2364	100	0.25	10	10	200
2365	100	0.25	10	10	400
2366	100	0.25	10	10	800
2367	100	0.25	10	20	200
2368	100	0.25	10	20	400
2369	100	0.25	10	20	800
2370	100	0.25	10	40	200
2371	100	0.25	10	40	400
2372	100	0.25	10	40	800
2373	100	0.25	10	100	200
2374	100	0.25	10	100	400
2375	100	0.25	10	100	800
2376	100	0.25	20	2	200
2377	100	0.25	20	2	400
2378	100	0.25	20	2	800
2379	100	0.25	20	5	200
2380	100	0.25	20	5	400
2381	100	0.25	20	5	800
2382	100	0.25	20	10	200
2383	100	0.25	20	10	400
2384	100	0.25	20	10	800
2385	100	0.25	20	20	200
2386	100	0.25	20	20	400
2387	100	0.25	20	20	800
2388	100	0.25	20	40	200
2389	100	0.25	20	40	400
2390	100	0.25	20	40	800
2391	100	0.25	20	100	200
2392	100	0.25	20	100	400
2393	100	0.25	20	100	800
2394	100	0.25	40	2	200
2395	100	0.25	40	2	400
2396	100	0.25	40	2	800
2397	100	0.25	40	5	200
2398	100	0.25	40	5	400
2399	100	0.25	40	5	800
2400	100	0.25	40	10	200
2401	100	0.25	40	10	400
2402	100	0.25	40	10	800
2403	100	0.25	40	20	200
2404	100	0.25	40	20	400
2405	100	0.25	40	20	800
2406	100	0.25	40	40	200
2407	100	0.25	40	40	400
2408	100	0.25	40	40	800
2409	100	0.25	40	100	200
2410	100	0.25	40	100	400
2411	100	0.25	40	100	800
2412	100	0.25	100	2	200
2413	100	0.25	100	2	400
2414	100	0.25	100	2	800
2415	100	0.25	100	5	200
2416	100	0.25	100	5	400
2417	100	0.25	100	5	800
2418	100	0.25	100	10	200
2419	100	0.25	100	10	400
2420	100	0.25	100	10	800
2421	100	0.25	100	20	200
2422	100	0.25	100	20	400
2423	100	0.25	100	20	800
2424	100	0.25	100	40	200
2425	100	0.25	100	40	400
2426	100	0.25	100	40	800
2427	100	0.25	100	100	200
2428	100	0.25	100	100	400
2429	100	0.25	100	100	800
2430	100	0.5	1	2	200
2431	100	0.5	1	2	400
2432	100	0.5	1	2	800
2433	100	0.5	1	5	200
2434	100	0.5	1	5	400
2435	100	0.5	1	5	800
2436	100	0.5	1	10	200
2437	100	0.5	1	10	400
2438	100	0.5	1	10	800
2439	100	0.5	1	20	200
2440	100	0.5	1	20	400
2441	100	0.5	1	20	800
2442	100	0.5	1	40	200
2443	100	0.5	1	40	400
2444	100	0.5	1	40	800
2445	100	0.5	1	100	200
2446	100	0.5	1	100	400
2447	100	0.5	1	100	800
2448	100	0.5	10	2	200
2449	100	0.5	10	2	400
2450	100	0.5	10	2	800
2451	100	0.5	10	5	200
2452	100	0.5	10	5	400
2453	100	0.5	10	5	800
2454	100	0.5	10	10	200
2455	100	0.5	10	10	400
2456	100	0.5	10	10	800
2457	100	0.5	10	20	200
2458	100	0.5	10	20	400
2459	100	0.5	10	20	800
2460	100	0.5	10	40	200
2461	100	0.5	10	40	400
2462	100	0.5	10	40	800
2463	100	0.5	10	100	200
2464	100	0.5	10	100	400
2465	100	0.5	10	100	800
2466	100	0.5	20	2	200
2467	100	0.5	20	2	400
2468	100	0.5	20	2	800
2469	100	0.5	20	5	200
2470	100	0.5	20	5	400
2471	100	0.5	20	5	800
2472	100	0.5	20	10	200
2473	100	0.5	20	10	400
2474	100	0.5	20	10	800
2475	100	0.5	20	20	200
2476	100	0.5	20	20	400
2477	100	0.5	20	20	800
2478	100	0.5	20	40	200
2479	100	0.5	20	40	400
2480	100	0.5	20	40	800
2481	100	0.5	20	100	200
2482	100	0.5	20	100	400
2483	100	0.5	20	100	800
2484	100	0.5	40	2	200
2485	100	0.5	40	2	400
2486	100	0.5	40	2	800
2487	100	0.5	40	5	200
2488	100	0.5	40	5	400
2489	100	0.5	40	5	800
2490	100	0.5	40	10	200
2491	100	0.5	40	10	400
2492	100	0.5	40	10	800
2493	100	0.5	40	20	200
2494	100	0.5	40	20	400
2495	100	0.5	40	20	800
2496	100	0.5	40	40	200
2497	100	0.5	40	40	400
2498	100	0.5	40	40	800
2499	100	0.5	40	100	200
2500	100	0.5	40	100	400
2501	100	0.5	40	100	800
2502	100	0.5	100	2	200
2503	100	0.5	100	2	400
2504	100	0.5	100	2	800
2505	100	0.5	100	5	200
2506	100	0.5	100	5	400
2507	100	0.5	100	5	800
2508	100	0.5	100	10	200
2509	100	0.5	100	10	400
2510	100	0.5	100	10	800
2511	100	0.5	100	20	200
2512	100	0.5	100	20	400
2513	100	0.5	100	20	800
2514	100	0.5	100	40	200
2515	100	0.5	100	40	400
2516	100	0.5	100	40	800
2517	100	0.5	100	100	200
2518	100	0.5	100	100	400
2519	100	0.5	100	100	800
2520	100	0.75	1	2	200
2521	100	0.75	1	2	400
2522	100	0.75	1	2	800
2523	100	0.75	1	5	200
2524	100	0.75	1	5	400
2525	100	0.75	1	5	800
2526	100	0.75	1	10	200
2527	100	0.75	1	10	400
2528	100	0.75	1	10	800
2529	100	0.75	1	20	200
2530	100	0.75	1	20	400
2531	100	0.75	1	20	800
2532	100	0.75	1	40	200
2533	100	0.75	1	40	400
2534	100	0.75	1	40	800
2535	100	0.75	1	100	200
2536	100	0.75	1	100	400
2537	100	0.75	1	100	800
2538	100	0.75	10	2	200
2539	100	0.75	10	2	400
2540	100	0.75	10	2	800
2541	100	0.75	10	5	200
2542	100	0.75	10	5	400
2543	100	0.75	10	5	800
2544	100	0.75	10	10	200
2545	100	0.75	10	10	400
2546	100	0.75	10	10	800
2547	100	0.75	10	20	200
2548	100	0.75	10	20	400
2549	100	0.75	10	20	800
2550	100	0.75	10	40	200
2551	100	0.75	10	40	400
2552	100	0.75	10	40	800
2553	100	0.75	10	100	200
2554	100	0.75	10	100	400
2555	100	0.75	10	100	800
2556	100	0.75	20	2	200
2557	100	0.75	20	2	400
2558	100	0.75	20	2	800
2559	100	0.75	20	5	200
2560	100	0.75	20	5	400
2561	100	0.75	20	5	800
2562	100	0.75	20	10	200
2563	100	0.75	20	10	400
2564	100	0.75	20	10	800
2565	100	0.75	20	20	200
2566	100	0.75	20	20	400
2567	100	0.75	20	20	800
2568	100	0.75	20	40	200
2569	100	0.75	20	40	400
2570	100	0.75	20	40	800
2571	100	0.75	20	100	200
2572	100	0.75	20	100	400
2573	100	0.75	20	100	800
2574	100	0.75	40	2	200
2575	100	0.75	40	2	400
2576	100	0.75	40	2	800
2577	100	0.75	40	5	200
2578	100	0.75	40	5	400
2579	100	0.75	40	5	800
2580	100	0.75	40	10	200
2581	100	0.75	40	10	400
2582	100	0.75	40	10	800
2583	100	0.75	40	20	200
2584	100	0.75	40	20	400
2585	100	0.75	40	20	800
2586	100	0.75	40	40	200
2587	100	0.75	40	40	400
2588	100	0.75	40	40	800
2589	100	0.75	40	100	200
2590	100	0.75	40	100	400
2591	100	0.75	40	100	800
2592	100	0.75	100	2	200
2593	100	0.75	100	2	400
2594	100	0.75	100	2	800
2595	100	0.75	100	5	200
2596	100	0.75	100	5	400
2597	100	0.75	100	5	800
2598	100	0.75	100	10	200
2599	100	0.75	100	10	400
2600	100	0.75	100	10	800
2601	100	0.75	100	20	200
2602	100	0.75	100	20	400
2603	100	0.75	100	20	800
2604	100	0.75	100	40	200
2605	100	0.75	100	40	400
2606	100	0.75	100	40	800
2607	100	0.75	100	100	200
2608	100	0.75	100	100	400
2609	100	0.75	100	100	800
2610	100	0.9	1	2	200
2611	100	0.9	1	2	400
2612	100	0.9	1	2	800
2613	100	0.9	1	5	200
2614	100	0.9	1	5	400
2615	100	0.9	1	5	800
2616	100	0.9	1	10	200
2617	100	0.9	1	10	400
2618	100	0.9	1	10	800
2619	100	0.9	1	20	200
2620	100	0.9	1	20	400
2621	100	0.9	1	20	800
2622	100	0.9	1	40	200
2623	100	0.9	1	40	400
2624	100	0.9	1	40	800
2625	100	0.9	1	100	200
2626	100	0.9	1	100	400
2627	100	0.9	1	100	800
2628	100	0.9	10	2	200
2629	100	0.9	10	2	400
2630	100	0.9	10	2	800
2631	100	0.9	10	5	200
2632	100	0.9	10	5	400
2633	100	0.9	10	5	800
2634	100	0.9	10	10	200
2635	100	0.9	10	10	400
2636	100	0.9	10	10	800
2637	100	0.9	10	20	200
2638	100	0.9	10	20	400
2639	100	0.9	10	20	800
2640	100	0.9	10	40	200
2641	100	0.9	10	40	400
2642	100	0.9	10	40	800
2643	100	0.9	10	100	200
2644	100	0.9	10	100	400
2645	100	0.9	10	100	800
2646	100	0.9	20	2	200
2647	100	0.9	20	2	400
2648	100	0.9	20	2	800
2649	100	0.9	20	5	200
2650	100	0.9	20	5	400
2651	100	0.9	20	5	800
2652	100	0.9	20	10	200
2653	100	0.9	20	10	400
2654	100	0.9	20	10	800
2655	100	0.9	20	20	200
2656	100	0.9	20	20	400
2657	100	0.9	20	20	800
2658	100	0.9	20	40	200
2659	100	0.9	20	40	400
2660	100	0.9	20	40	800
2661	100	0.9	20	100	200
2662	100	0.9	20	100	400
2663	100	0.9	20	100	800
2664	100	0.9	40	2	200
2665	100	0.9	40	2	400
2666	100	0.9	40	2	800
2667	100	0.9	40	5	200
2668	100	0.9	40	5	400
2669	100	0.9	40	5	800
2670	100	0.9	40	10	200
2671	100	0.9	40	10	400
2672	100	0.9	40	10	800
2673	100	0.9	40	20	200
2674	100	0.9	40	20	400
2675	100	0.9	40	20	800
2676	100	0.9	40	40	200
2677	100	0.9	40	40	400
2678	100	0.9	40	40	800
2679	100	0.9	40	100	200
2680	100	0.9	40	100	400
2681	100	0.9	40	100	800
2682	100	0.9	100	2	200
2683	100	0.9	100	2	400
2684	100	0.9	100	2	800
2685	100	0.9	100	5	200
2686	100	0.9	100	5	400
2687	100	0.9	100	5	800
2688	100	0.9	100	10	200
2689	100	0.9	100	10	400
2690	100	0.9	100	10	800
2691	100	0.9	100	20	200
2692	100	0.9	100	20	400
2693	100	0.9	100	20	800
2694	100	0.9	100	40	200
2695	100	0.9	100	40	400
2696	100	0.9	100	40	800
2697	100	0.9	100	100	200
2698	100	0.9	100	100	400
2699	100	0.9	100	100	800
2700	150	0.01	1	2	200
2701	150	0.01	1	2	400
2702	150	0.01	1	2	800
2703	150	0.01	1	5	200
2704	150	0.01	1	5	400
2705	150	0.01	1	5	800
2706	150	0.01	1	10	200
2707	150	0.01	1	10	400
2708	150	0.01	1	10	800
2709	150	0.01	1	20	200
2710	150	0.01	1	20	400
2711	150	0.01	1	20	800
2712	150	0.01	1	40	200
2713	150	0.01	1	40	400
2714	150	0.01	1	40	800
2715	150	0.01	1	100	200
2716	150	0.01	1	100	400
2717	150	0.01	1	100	800
2718	150	0.01	10	2	200
2719	150	0.01	10	2	400
2720	150	0.01	10	2	800
2721	150	0.01	10	5	200
2722	150	0.01	10	5	400
2723	150	0.01	10	5	800
2724	150	0.01	10	10	200
2725	150	0.01	10	10	400
2726	150	0.01	10	10	800
2727	150	0.01	10	20	200
2728	150	0.01	10	20	400
2729	150	0.01	10	20	800
2730	150	0.01	10	40	200
2731	150	0.01	10	40	400
2732	150	0.01	10	40	800
2733	150	0.01	10	100	200
2734	150	0.01	10	100	400
2735	150	0.01	10	100	800
2736	150	0.01	20	2	200
2737	150	0.01	20	2	400
2738	150	0.01	20	2	800
2739	150	0.01	20	5	200
2740	150	0.01	20	5	400
2741	150	0.01	20	5	800
2742	150	0.01	20	10	200
2743	150	0.01	20	10	400
2744	150	0.01	20	10	800
2745	150	0.01	20	20	200
2746	150	0.01	20	20	400
2747	150	0.01	20	20	800
2748	150	0.01	20	40	200
2749	150	0.01	20	40	400
2750	150	0.01	20	40	800
2751	150	0.01	20	100	200
2752	150	0.01	20	100	400
2753	150	0.01	20	100	800
2754	150	0.01	40	2	200
2755	150	0.01	40	2	400
2756	150	0.01	40	2	800
2757	150	0.01	40	5	200
2758	150	0.01	40	5	400
2759	150	0.01	40	5	800
2760	150	0.01	40	10	200
2761	150	0.01	40	10	400
2762	150	0.01	40	10	800
2763	150	0.01	40	20	200
2764	150	0.01	40	20	400
2765	150	0.01	40	20	800
2766	150	0.01	40	40	200
2767	150	0.01	40	40	400
2768	150	0.01	40	40	800
2769	150	0.01	40	100	200
2770	150	0.01	40	100	400
2771	150	0.01	40	100	800
2772	150	0.01	100	2	200
2773	150	0.01	100	2	400
2774	150	0.01	100	2	800
2775	150	0.01	100	5	200
2776	150	0.01	100	5	400
2777	150	0.01	100	5	800
2778	150	0.01	100	10	200
2779	150	0.01	100	10	400
2780	150	0.01	100	10	800
2781	150	0.01	100	20	200
2782	150	0.01	100	20	400
2783	150	0.01	100	20	800
2784	150	0.01	100	40	200
2785	150	0.01	100	40	400
2786	150	0.01	100	40	800
2787	150	0.01	100	100	200
2788	150	0.01	100	100	400
2789	150	0.01	100	100	800
2790	150	0.1	1	2	200
2791	150	0.1	1	2	400
2792	150	0.1	1	2	800
2793	150	0.1	1	5	200
2794	150	0.1	1	5	400
2795	150	0.1	1	5	800
2796	150	0.1	1	10	200
2797	150	0.1	1	10	400
2798	150	0.1	1	10	800
2799	150	0.1	1	20	200
2800	150	0.1	1	20	400
2801	150	0.1	1	20	800
2802	150	0.1	1	40	200
2803	150	0.1	1	40	400
2804	150	0.1	1	40	800
2805	150	0.1	1	100	200
2806	150	0.1	1	100	400
2807	150	0.1	1	100	800
2808	150	0.1	10	2	200
2809	150	0.1	10	2	400
2810	150	0.1	10	2	800
2811	150	0.1	10	5	200
2812	150	0.1	10	5	400
2813	150	0.1	10	5	800
2814	150	0.1	10	10	200
2815	150	0.1	10	10	400
2816	150	0.1	10	10	800
2817	150	0.1	10	20	200
2818	150	0.1	10	20	400
2819	150	0.1	10	20	800
2820	150	0.1	10	40	200
2821	150	0.1	10	40	400
2822	150	0.1	10	40	800
2823	150	0.1	10	100	200
2824	150	0.1	10	100	400
2825	150	0.1	10	100	800
2826	150	0.1	20	2	200
2827	150	0.1	20	2	400
2828	150	0.1	20	2	800
2829	150	0.1	20	5	200
2830	150	0.1	20	5	400
2831	150	0.1	20	5	800
2832	150	0.1	20	10	200
2833	150	0.1	20	10	400
2834	150	0.1	20	10	800
2835	150	0.1	20	20	200
2836	150	0.1	20	20	400
2837	150	0.1	20	20	800
2838	150	0.1	20	40	200
2839	150	0.1	20	40	400
2840	150	0.1	20	40	800
2841	150	0.1	20	100	200
2842	150	0.1	20	100	400
2843	150	0.1	20	100	800
2844	150	0.1	40	2	200
2845	150	0.1	40	2	400
2846	150	0.1	40	2	800
2847	150	0.1	40	5	200
2848	150	0.1	40	5	400
2849	150	0.1	40	5	800
2850	150	0.1	40	10	200
2851	150	0.1	40	10	400
2852	150	0.1	40	10	800
2853	150	0.1	40	20	200
2854	150	0.1	40	20	400
2855	150	0.1	40	20	800
2856	150	0.1	40	40	200
2857	150	0.1	40	40	400
2858	150	0.1	40	40	800
2859	150	0.1	40	100	200
2860	150	0.1	40	100	400
2861	150	0.1	40	100	800
2862	150	0.1	100	2	200
2863	150	0.1	100	2	400
2864	150	0.1	100	2	800
2865	150	0.1	100	5	200
2866	150	0.1	100	5	400
2867	150	0.1	100	5	800
2868	150	0.1	100	10	200
2869	150	0.1	100	10	400
2870	150	0.1	100	10	800
2871	150	0.1	100	20	200
2872	150	0.1	100	20	400
2873	150	0.1	100	20	800
2874	150	0.1	100	40	200
2875	150	0.1	100	40	400
2876	150	0.1	100	40	800
2877	150	0.1	100	100	200
2878	150	0.1	100	100	400
2879	150	0.1	100	100	800
2880	150	0.25	1	2	200
2881	150	0.25	1	2	400
2882	150	0.25	1	2	800
2883	150	0.25	1	5	200
2884	150	0.25	1	5	400
2885	150	0.25	1	5	800
2886	150	0.25	1	10	200
2887	150	0.25	1	10	400
2888	150	0.25	1	10	800
2889	150	0.25	1	20	200
2890	150	0.25	1	20	400
2891	150	0.25	1	20	800
2892	150	0.25	1	40	200
2893	150	0.25	1	40	400
2894	150	0.25	1	40	800
2895	150	0.25	1	100	200
2896	150	0.25	1	100	400
2897	150	0.25	1	100	800
2898	150	0.25	10	2	200
2899	150	0.25	10	2	400
2900	150	0.25	10	2	800
2901	150	0.25	10	5	200
2902	150	0.25	10	5	400
2903	150	0.25	10	5	800
2904	150	0.25	10	10	200
2905	150	0.25	10	10	400
2906	150	0.25	10	10	800
2907	150	0.25	10	20	200
2908	150	0.25	10	20	400
2909	150	0.25	10	20	800
2910	150	0.25	10	40	200
2911	150	0.25	10	40	400
2912	150	0.25	10	40	800
2913	150	0.25	10	100	200
2914	150	0.25	10	100	400
2915	150	0.25	10	100	800
2916	150	0.25	20	2	200
2917	150	0.25	20	2	400
2918	150	0.25	20	2	800
2919	150	0.25	20	5	200
2920	150	0.25	20	5	400
2921	150	0.25	20	5	800
2922	150	0.25	20	10	200
2923	150	0.25	20	10	400
2924	150	0.25	20	10	800
2925	150	0.25	20	20	200
2926	150	0.25	20	20	400
2927	150	0.25	20	20	800
2928	150	0.25	20	40	200
2929	150	0.25	20	40	400
2930	150	0.25	20	40	800
2931	150	0.25	20	100	200
2932	150	0.25	20	100	400
2933	150	0.25	20	100	800
2934	150	0.25	40	2	200
2935	150	0.25	40	2	400
2936	150	0.25	40	2	800
2937	150	0.25	40	5	200
2938	150	0.25	40	5	400
2939	150	0.25	40	5	800
2940	150	0.25	40	10	200
2941	150	0.25	40	10	400
2942	150	0.25	40	10	800
2943	150	0.25	40	20	200
2944	150	0.25	40	20	400
2945	150	0.25	40	20	800
2946	150	0.25	40	40	200
2947	150	0.25	40	40	400
2948	150	0.25	40	40	800
2949	150	0.25	40	100	200
2950	150	0.25	40	100	400
2951	150	0.25	40	100	800
2952	150	0.25	100	2	200
2953	150	0.25	100	2	400
2954	150	0.25	100	2	800
2955	150	0.25	100	5	200
2956	150	0.25	100	5	400
2957	150	0.25	100	5	800
2958	150	0.25	100	10	200
2959	150	0.25	100	10	400
2960	150	0.25	100	10	800
2961	150	0.25	100	20	200
2962	150	0.25	100	20	400
2963	150	0.25	100	20	800
2964	150	0.25	100	40	200
2965	150	0.25	100	40	400
2966	150	0.25	100	40	800
2967	150	0.25	100	100	200
2968	150	0.25	100	100	400
2969	150	0.25	100	100	800
2970	150	0.5	1	2	200
2971	150	0.5	1	2	400
2972	150	0.5	1	2	800
2973	150	0.5	1	5	200
2974	150	0.5	1	5	400
2975	150	0.5	1	5	800
2976	150	0.5	1	10	200
2977	150	0.5	1	10	400
2978	150	0.5	1	10	800
2979	150	0.5	1	20	200
2980	150	0.5	1	20	400
2981	150	0.5	1	20	800
2982	150	0.5	1	40	200
2983	150	0.5	1	40	400
2984	150	0.5	1	40	800
2985	150	0.5	1	100	200
2986	150	0.5	1	100	400
2987	150	0.5	1	100	800
2988	150	0.5	10	2	200
2989	150	0.5	10	2	400
2990	150	0.5	10	2	800
2991	150	0.5	10	5	200
2992	150	0.5	10	5	400
2993	150	0.5	10	5	800
2994	150	0.5	10	10	200
2995	150	0.5	10	10	400
2996	150	0.5	10	10	800
2997	150	0.5	10	20	200
2998	150	0.5	10	20	400
2999	150	0.5	10	20	800
3000	150	0.5	10	40	200
3001	150	0.5	10	40	400
3002	150	0.5	10	40	800
3003	150	0.5	10	100	200
3004	150	0.5	10	100	400
3005	150	0.5	10	100	800
3006	150	0.5	20	2	200
3007	150	0.5	20	2	400
3008	150	0.5	20	2	800
3009	150	0.5	20	5	200
3010	150	0.5	20	5	400
3011	150	0.5	20	5	800
3012	150	0.5	20	10	200
3013	150	0.5	20	10	400
3014	150	0.5	20	10	800
3015	150	0.5	20	20	200
3016	150	0.5	20	20	400
3017	150	0.5	20	20	800
3018	150	0.5	20	40	200
3019	150	0.5	20	40	400
3020	150	0.5	20	40	800
3021	150	0.5	20	100	200
3022	150	0.5	20	100	400
3023	150	0.5	20	100	800
3024	150	0.5	40	2	200
3025	150	0.5	40	2	400
3026	150	0.5	40	2	800
3027	150	0.5	40	5	200
3028	150	0.5	40	5	400
3029	150	0.5	40	5	800
3030	150	0.5	40	10	200
3031	150	0.5	40	10	400
3032	150	0.5	40	10	800
3033	150	0.5	40	20	200
3034	150	0.5	40	20	400
3035	150	0.5	40	20	800
3036	150	0.5	40	40	200
3037	150	0.5	40	40	400
3038	150	0.5	40	40	800
3039	150	0.5	40	100	200
3040	150	0.5	40	100	400
3041	150	0.5	40	100	800
3042	150	0.5	100	2	200
3043	150	0.5	100	2	400
3044	150	0.5	100	2	800
3045	150	0.5	100	5	200
3046	150	0.5	100	5	400
3047	150	0.5	100	5	800
3048	150	0.5	100	10	200
3049	150	0.5	100	10	400
3050	150	0.5	100	10	800
3051	150	0.5	100	20	200
3052	150	0.5	100	20	400
3053	150	0.5	100	20	800
3054	150	0.5	100	40	200
3055	150	0.5	100	40	400
3056	150	0.5	100	40	800
3057	150	0.5	100	100	200
3058	150	0.5	100	100	400
3059	150	0.5	100	100	800
3060	150	0.75	1	2	200
3061	150	0.75	1	2	400
3062	150	0.75	1	2	800
3063	150	0.75	1	5	200
3064	150	0.75	1	5	400
3065	150	0.75	1	5	800
3066	150	0.75	1	10	200
3067	150	0.75	1	10	400
3068	150	0.75	1	10	800
3069	150	0.75	1	20	200
3070	150	0.75	1	20	400
3071	150	0.75	1	20	800
3072	150	0.75	1	40	200
3073	150	0.75	1	40	400
3074	150	0.75	1	40	800
3075	150	0.75	1	100	200
3076	150	0.75	1	100	400
3077	150	0.75	1	100	800
3078	150	0.75	10	2	200
3079	150	0.75	10	2	400
3080	150	0.75	10	2	800
3081	150	0.75	10	5	200
3082	150	0.75	10	5	400
3083	150	0.75	10	5	800
3084	150	0.75	10	10	200
3085	150	0.75	10	10	400
3086	150	0.75	10	10	800
3087	150	0.75	10	20	200
3088	150	0.75	10	20	400
3089	150	0.75	10	20	800
3090	150	0.75	10	40	200
3091	150	0.75	10	40	400
3092	150	0.75	10	40	800
3093	150	0.75	10	100	200
3094	150	0.75	10	100	400
3095	150	0.75	10	100	800
3096	150	0.75	20	2	200
3097	150	0.75	20	2	400
3098	150	0.75	20	2	800
3099	150	0.75	20	5	200
3100	150	0.75	20	5	400
3101	150	0.75	20	5	800
3102	150	0.75	20	10	200
3103	150	0.75	20	10	400
3104	150	0.75	20	10	800
3105	150	0.75	20	20	200
3106	150	0.75	20	20	400
3107	150	0.75	20	20	800
3108	150	0.75	20	40	200
3109	150	0.75	20	40	400
3110	150	0.75	20	40	800
3111	150	0.75	20	100	200
3112	150	0.75	20	100	400
3113	150	0.75	20	100	800
3114	150	0.75	40	2	200
3115	150	0.75	40	2	400
3116	150	0.75	40	2	800
3117	150	0.75	40	5	200
3118	150	0.75	40	5	400
3119	150	0.75	40	5	800
3120	150	0.75	40	10	200
3121	150	0.75	40	10	400
3122	150	0.75	40	10	800
3123	150	0.75	40	20	200
3124	150	0.75	40	20	400
3125	150	0.75	40	20	800
3126	150	0.75	40	40	200
3127	150	0.75	40	40	400
3128	150	0.75	40	40	800
3129	150	0.75	40	100	200
3130	150	0.75	40	100	400
3131	150	0.75	40	100	800
3132	150	0.75	100	2	200
3133	150	0.75	100	2	400
3134	150	0.75	100	2	800
3135	150	0.75	100	5	200
3136	150	0.75	100	5	400
3137	150	0.75	100	5	800
3138	150	0.75	100	10	200
3139	150	0.75	100	10	400
3140	150	0.75	100	10	800
3141	150	0.75	100	20	200
3142	150	0.75	100	20	400
3143	150	0.75	100	20	800
3144	150	0.75	100	40	200
3145	150	0.75	100	40	400
3146	150	0.75	100	40	800
3147	150	0.75	100	100	200
3148	150	0.75	100	100	400
3149	150	0.75	100	100	800
3150	150	0.9	1	2	200
3151	150	0.9	1	2	400
3152	150	0.9	1	2	800
3153	150	0.9	1	5	200
3154	150	0.9	1	5	400
3155	150	0.9	1	5	800
3156	150	0.9	1	10	200
3157	150	0.9	1	10	400
3158	150	0.9	1	10	800
3159	150	0.9	1	20	200
3160	150	0.9	1	20	400
3161	150	0.9	1	20	800
3162	150	0.9	1	40	200
3163	150	0.9	1	40	400
3164	150	0.9	1	40	800
3165	150	0.9	1	100	200
3166	150	0.9	1	100	400
3167	150	0.9	1	100	800
3168	150	0.9	10	2	200
3169	150	0.9	10	2	400
3170	150	0.9	10	2	800
3171	150	0.9	10	5	200
3172	150	0.9	10	5	400
3173	150	0.9	10	5	800
3174	150	0.9	10	10	200
3175	150	0.9	10	10	400
3176	150	0.9	10	10	800
3177	150	0.9	10	20	200
3178	150	0.9	10	20	400
3179	150	0.9	10	20	800
3180	150	0.9	10	40	200
3181	150	0.9	10	40	400
3182	150	0.9	10	40	800
3183	150	0.9	10	100	200
3184	150	0.9	10	100	400
3185	150	0.9	10	100	800
3186	150	0.9	20	2	200
3187	150	0.9	20	2	400
3188	150	0.9	20	2	800
3189	150	0.9	20	5	200
3190	150	0.9	20	5	400
3191	150	0.9	20	5	800
3192	150	0.9	20	10	200
3193	150	0.9	20	10	400
3194	150	0.9	20	10	800
3195	150	0.9	20	20	200
3196	150	0.9	20	20	400
3197	150	0.9	20	20	800
3198	150	0.9	20	40	200
3199	150	0.9	20	40	400
3200	150	0.9	20	40	800
3201	150	0.9	20	100	200
3202	150	0.9	20	100	400
3203	150	0.9	20	100	800
3204	150	0.9	40	2	200
3205	150	0.9	40	2	400
3206	150	0.9	40	2	800
3207	150	0.9	40	5	200
3208	150	0.9	40	5	400
3209	150	0.9	40	5	800
3210	150	0.9	40	10	200
3211	150	0.9	40	10	400
3212	150	0.9	40	10	800
3213	150	0.9	40	20	200
3214	150	0.9	40	20	400
3215	150	0.9	40	20	800
3216	150	0.9	40	40	200
3217	150	0.9	40	40	400
3218	150	0.9	40	40	800
3219	150	0.9	40	100	200
3220	150	0.9	40	100	400
3221	150	0.9	40	100	800
3222	150	0.9	100	2	200
3223	150	0.9	100	2	400
3224	150	0.9	100	2	800
3225	150	0.9	100	5	200
3226	150	0.9	100	5	400
3227	150	0.9	100	5	800
3228	150	0.9	100	10	200
3229	150	0.9	100	10	400
3230	150	0.9	100	10	800
3231	150	0.9	100	20	200
3232	150	0.9	100	20	400
3233	150	0.9	100	20	800
3234	150	0.9	100	40	200
3235	150	0.9	100	40	400
3236	150	0.9	100	40	800
3237	150	0.9	100	100	200
3238	150	0.9	100	100	400
3239	150	0.9	100	100	800
